employee_id,predicted_is_promoted
5599,0
73176,0
13157,0
7458,0
28446,0
66151,0
13944,0
65698,0
23329,0
51932,0
69186,0
77723,0
56873,0
15813,0
66613,0
8213,0
37447,0
50184,0
25371,0
67733,0
17220,0
63134,0
31252,0
22741,0
55897,0
52779,0
29689,0
73043,0
30904,0
76038,0
52807,0
63698,0
47167,0
46363,0
75707,0
60109,0
72706,0
8015,0
74532,0
34154,0
56009,0
65190,0
40569,0
14425,0
58648,0
4387,0
34512,0
43005,0
30899,1
61431,0
8403,0
54925,0
77586,0
25258,0
74952,0
65921,0
17696,0
25002,0
34393,0
7579,0
19173,1
53565,0
19693,0
28845,0
51909,0
44471,0
71540,0
11382,0
59762,0
24772,0
22897,0
59068,0
73132,0
5695,0
39859,0
11605,0
16079,0
53261,0
37067,0
76479,0
75508,0
7072,0
29694,0
41366,0
30644,0
8077,0
23938,0
64994,0
42956,0
39039,0
6048,0
76331,0
77691,0
57784,0
40893,0
53337,0
57538,0
28885,0
48016,0
67216,0
72699,0
28863,0
25256,0
45437,0
31227,0
43559,0
5580,0
57957,0
21902,0
36031,0
33618,0
75967,0
50212,0
25128,0
55075,0
12079,0
37116,0
19748,0
24712,0
25049,0
27139,0
23986,0
67289,0
74075,0
19606,0
62368,0
72469,0
76880,0
45129,0
60129,0
55520,0
12601,0
38195,0
71666,0
22135,0
67806,0
35249,0
62643,0
60030,0
44657,0
69515,0
32729,0
17503,0
6852,0
62593,0
29357,0
45778,0
47589,0
10067,0
46239,0
10735,0
15139,0
69103,0
55974,0
65946,0
18773,0
70324,0
18368,0
29749,0
46394,0
63185,0
12127,0
77894,0
56818,0
42257,0
7222,0
33053,0
62051,0
51733,0
74984,0
26812,0
19851,0
67820,0
49567,0
56848,0
10707,0
70333,0
22835,0
33986,1
31734,0
39398,0
72949,0
43645,1
54267,0
7371,0
67222,0
76403,0
51624,0
12828,0
69426,0
42391,0
66717,0
51234,0
24611,0
20541,0
20746,0
34906,0
42218,0
53321,0
53813,0
75149,0
8849,0
24728,0
66364,0
14087,0
20551,0
23159,0
73919,0
58535,0
52750,0
39295,1
26637,0
9877,0
57628,0
62420,0
35940,0
74163,0
77630,0
27903,0
41977,0
54654,0
55180,0
54149,0
15443,0
38111,0
52448,0
40692,0
31847,0
60423,0
13608,0
30833,0
4825,0
34523,0
47095,0
67873,0
66421,0
18856,0
22686,0
16211,0
20806,1
59402,0
39936,0
19230,0
59558,0
8357,0
51717,0
7585,0
38958,0
43602,0
62002,1
33916,0
15797,0
1857,0
33383,0
22602,0
68117,0
5568,0
1657,0
53288,0
35313,0
69073,0
24155,0
33926,0
37329,0
43655,0
37875,0
39820,1
37867,0
265,0
39977,0
52792,0
29872,0
47472,0
26296,0
44604,0
75725,0
2610,0
15259,0
28855,0
19768,0
4006,0
39457,0
52283,0
17847,0
56802,0
32413,0
25018,0
66712,0
43937,0
32327,0
64661,0
43956,0
40950,0
29883,0
49619,0
16256,0
22660,0
24409,0
13912,0
34403,0
42896,0
7789,0
7378,0
44277,0
48582,0
44343,0
47418,0
77862,0
39460,0
58472,0
7419,0
27014,0
31057,0
41063,0
75243,0
26157,0
19767,0
36962,0
50043,0
33940,0
65855,0
41774,0
37645,0
57943,0
68916,0
14501,0
35841,0
69411,0
4104,0
13736,0
12754,0
50689,0
65912,0
31116,0
74835,0
7591,0
51883,0
44100,0
34618,0
43176,0
68181,0
26289,0
75580,0
60530,0
73293,0
11813,0
64962,0
54400,0
11925,0
29191,0
12780,0
451,0
2362,0
12053,0
61017,0
3949,0
46957,0
59506,0
65209,0
75644,0
13215,0
49055,0
10807,0
77312,0
58098,0
39310,0
72239,0
17042,0
54447,0
13985,0
58869,0
69662,0
3991,0
11324,0
25692,0
47763,0
75296,0
14167,0
17771,0
37883,0
9865,0
15890,0
15730,0
20657,0
49236,0
6810,0
8271,0
13189,0
21816,0
43206,0
50788,0
20984,0
15429,0
55884,0
43958,0
5414,0
53954,0
74251,0
76922,0
53878,0
11644,0
27413,0
61000,0
9164,0
29427,0
45575,0
11988,0
21556,0
2189,0
12969,0
3456,0
30099,0
38818,0
72300,0
52229,0
24141,0
25442,0
7553,0
12863,0
62195,0
26266,0
22746,0
20320,0
13331,0
41242,0
40111,0
14119,0
22249,0
76852,0
18785,0
53158,0
77282,0
11507,0
61940,0
22062,0
12306,0
77727,0
54699,0
76399,0
29923,0
37641,0
34246,0
11695,0
68064,0
67755,0
60489,0
5560,1
51470,0
54780,0
46959,0
75113,0
36160,0
11103,0
75851,0
54926,0
36590,0
38186,0
21226,0
20420,0
53532,0
62818,0
5278,0
1529,0
36821,1
57738,0
37228,0
54335,0
23494,0
35839,0
38575,0
75071,0
32823,0
42661,0
33563,0
31661,0
35280,0
6887,0
47566,0
39051,0
53869,0
61008,0
37720,0
43542,0
72251,0
54809,0
14998,0
10255,0
24498,0
45479,0
71730,0
40894,0
73243,0
73962,0
14,0
68165,0
27058,0
53948,0
77816,0
20270,0
5970,0
12533,0
58965,0
51814,0
61941,0
4882,0
75525,0
9202,0
65393,0
33851,0
72799,0
72315,0
22740,0
66877,0
51636,0
77286,0
24626,0
44773,0
32720,0
57098,0
65223,0
15190,0
49166,0
67085,0
6438,0
37114,0
17141,0
60820,0
69002,0
56119,0
73404,0
72679,0
22075,0
17261,0
76388,0
462,0
50957,0
69296,0
32856,0
66623,0
44461,0
42102,0
35470,0
8439,0
65739,0
42036,0
30279,0
73441,0
72581,0
78220,0
56629,0
12982,0
50475,0
14283,0
47796,0
69631,0
74103,0
27822,0
6698,0
2419,0
75738,0
59835,0
58667,0
48941,0
63904,1
35801,0
68695,0
49490,0
47997,0
64937,0
31851,0
59404,0
48960,0
77978,0
4053,0
61625,0
23718,0
28144,0
6439,0
11956,0
13231,0
35134,0
52182,0
74176,0
43311,0
39598,0
70794,0
42393,0
16362,0
56874,0
34478,0
49828,0
12051,0
53369,0
11277,0
20583,0
24598,0
61256,0
14487,0
70881,0
69314,0
9658,0
12504,0
50325,0
57895,0
52330,0
51583,0
34968,0
7664,0
26208,0
72122,0
3649,0
27199,0
1515,0
16341,0
47836,0
52948,0
13399,0
41041,0
23687,0
5174,0
45485,0
22832,0
43216,0
33885,0
30950,0
6992,0
25516,0
14896,0
36967,0
32601,0
26212,0
35918,0
61894,0
15146,0
7957,0
15627,0
39334,0
12163,0
456,0
75036,0
64611,0
16532,0
27799,0
12371,0
37018,0
39739,0
21340,0
34615,1
52543,0
15842,0
40936,0
40508,0
37421,0
17672,0
3478,0
21653,0
63875,0
26506,0
21475,0
51491,0
15328,0
48102,0
31630,1
50467,0
47516,0
73209,0
58866,0
46860,0
64199,0
40012,0
1203,0
69929,0
44249,0
20819,0
7307,0
15764,0
15633,0
40773,0
45810,0
5186,0
1598,0
26026,0
76621,0
60036,0
43941,0
14300,0
2795,0
36318,0
15986,0
28074,0
76613,0
57794,0
36412,0
76942,0
78022,0
43382,0
9641,0
35523,0
25495,0
50590,0
54109,0
1602,0
36195,0
66034,0
18293,0
40124,0
4165,0
58227,0
63260,0
48769,0
32216,0
46948,0
73934,0
67736,0
21812,0
67702,0
66335,0
75272,0
51734,0
17801,0
4017,0
73888,0
40396,0
43413,0
62006,0
42284,0
54059,0
68745,0
38121,0
38141,0
25739,0
18161,0
47633,0
59087,0
29526,0
58038,0
36809,0
286,0
36893,0
37503,0
34622,0
71784,0
12469,0
6811,0
6920,0
15862,0
15395,1
21416,0
24293,0
26248,0
5945,0
42658,0
18176,0
44067,0
9834,0
63804,0
22712,0
68147,0
24126,0
12582,0
29454,0
20020,0
54058,0
46709,0
1399,0
37755,0
5081,0
7560,0
5004,1
74727,0
20779,0
69074,0
25514,0
69825,0
55540,0
35620,0
56213,0
5548,0
11637,0
46242,0
49486,0
24355,0
28941,0
33308,0
30573,0
19820,0
27763,0
48838,0
76879,0
15014,0
22108,0
50841,0
55951,0
62575,0
29183,0
75609,0
38596,0
13477,0
60013,0
52316,0
35869,0
41330,0
35164,0
32356,0
76181,0
73532,0
62945,0
26550,0
1352,0
25719,0
20478,0
14681,0
8466,0
78064,0
26618,0
52798,0
49671,0
6855,0
44330,0
13101,0
54152,0
51346,0
20354,0
65315,0
53776,0
39816,0
41660,0
23337,0
40648,0
37302,1
4595,1
29796,0
740,0
51520,0
27939,0
10728,0
33578,0
69600,0
49101,0
8396,0
29249,0
14312,0
1295,0
47954,0
25145,0
25804,0
24207,0
53609,0
26874,0
45134,1
30919,0
61233,0
75500,0
63881,0
25323,0
69132,0
10471,0
51533,0
56063,0
28233,0
75838,0
27765,0
16780,0
50795,0
63034,0
57849,0
54502,0
27456,0
19345,0
54299,0
58963,0
64396,0
28290,0
75385,0
6861,0
33109,0
66578,0
30661,0
59627,0
12262,0
76395,0
26783,0
6105,0
75760,0
30422,0
33153,0
69727,0
21466,0
68911,0
34043,0
50059,0
23920,0
18180,0
67789,0
12651,0
76991,0
34635,0
36315,0
46976,0
26991,0
10672,0
22448,0
20557,0
44709,0
70954,0
694,0
72895,0
28059,0
10766,0
70637,0
77127,0
11740,0
30889,0
76917,0
4419,0
34631,0
6895,0
54292,0
26508,0
7106,0
72627,0
58414,0
16523,0
10961,0
62528,0
40255,0
11524,0
21674,0
41839,0
19423,0
24335,0
45980,0
42152,0
70575,0
41553,0
46009,0
39446,0
45854,0
21331,1
35601,0
9736,0
47301,0
34897,0
57552,0
35714,0
39472,0
21688,0
68378,0
41462,0
41279,0
52159,0
25577,0
49635,0
67629,0
13731,0
32461,0
48000,0
68509,0
4858,0
56740,0
58438,0
37334,0
77751,0
50202,0
7549,0
66681,0
19136,0
75765,0
27805,0
22262,0
34766,0
37370,0
44537,0
45897,0
50628,0
55443,0
6582,0
16230,0
39162,0
1595,0
74803,0
35318,0
22199,0
35091,0
70978,0
63530,0
17309,0
5595,0
69951,0
24578,0
45895,0
20976,1
17285,0
71518,0
27317,0
25336,0
72278,1
62400,0
45346,0
68873,0
7521,0
39119,0
22264,0
24154,1
6089,0
5337,0
44813,0
65416,0
58942,0
2818,0
59989,0
36455,0
2682,0
28560,0
8731,0
36669,0
75262,0
75047,0
68189,0
26010,0
11633,0
17125,0
75269,0
75325,0
31258,0
26918,0
29949,0
12817,0
34096,0
66108,0
3154,0
29262,0
40446,0
23976,0
59341,0
53205,0
34113,0
28591,0
64805,0
66886,0
53699,0
37071,0
67127,0
49925,0
42063,0
41780,0
4861,0
10995,0
8384,0
69950,0
53377,0
28846,0
14865,0
51844,0
20303,0
74821,0
47857,0
39174,0
63691,0
74572,0
10838,0
9224,0
24120,0
40539,0
67645,0
64257,0
78011,0
21253,0
28417,0
39173,1
76005,0
9166,0
4043,0
35194,0
72056,0
71922,0
12447,0
30052,0
33064,0
18928,0
64359,0
15163,0
73090,0
36261,0
56610,1
76630,0
59321,0
32923,0
28991,0
16131,0
76288,0
67878,0
63329,0
8691,0
2909,0
19747,0
18871,0
42848,0
76470,1
68847,0
25412,0
58235,0
50661,0
18464,0
64698,0
59736,0
8471,0
4570,0
3546,0
45822,0
22065,0
19540,0
76256,0
56534,0
36155,0
61396,0
11577,0
17514,0
16465,0
41477,0
52999,0
21633,0
28139,0
35865,0
43756,0
59284,0
48785,0
14231,0
61870,0
58531,0
66303,0
5399,0
27081,0
9682,0
17820,0
42458,0
38282,0
44474,0
31170,0
20161,0
60659,0
29592,0
46739,0
29411,0
51847,0
36066,0
69930,0
37324,0
54142,0
59220,0
22325,0
53275,0
37845,0
18126,0
63799,0
4820,0
43441,0
74852,0
53990,0
14063,0
14458,0
36241,0
73873,0
14181,1
52532,0
55486,0
65593,0
34720,0
51958,0
44783,0
7135,0
11289,0
5347,0
26502,0
68735,0
47705,0
54668,0
64204,0
12340,0
11037,0
8381,0
6597,0
70198,0
53743,0
24158,0
34133,0
20538,0
33911,0
26797,0
74642,0
196,0
24463,0
21455,0
9013,1
11969,0
59113,0
60892,0
75881,0
26875,0
53092,0
36159,0
11000,0
30646,0
53027,1
17037,0
50206,0
40433,0
25092,0
52105,0
11120,0
22858,0
58625,0
53744,0
31841,0
77758,0
58760,0
25319,0
12760,0
8237,0
3294,0
36390,0
25194,0
2290,0
60449,0
43682,0
48448,0
64946,0
69998,0
8946,0
37718,0
41248,0
59251,0
151,0
54010,0
70264,0
19734,0
38456,0
9475,0
17879,0
61962,0
56843,0
55472,0
1868,0
77972,0
76491,0
62999,0
52856,0
22032,0
36347,0
58846,0
72582,0
72926,0
66370,1
22653,0
50127,0
68637,0
25846,0
39220,0
47467,0
24100,0
22935,0
70989,0
7385,0
13780,0
37267,0
24467,0
25816,0
722,0
76200,0
33278,0
2358,0
55350,0
29786,0
45040,0
47107,0
61525,0
40103,0
7570,0
67551,0
49421,0
38648,0
65572,0
23266,0
23868,0
58074,0
45296,0
64534,0
54908,0
72703,0
74905,1
3101,0
63386,0
24763,0
23811,0
7296,0
10518,0
26801,0
50150,0
75795,0
29108,0
38455,0
69396,0
58526,0
5873,0
18232,0
62225,0
55507,0
30980,0
3464,0
6576,0
7279,0
67153,0
29236,0
58321,0
58557,0
12498,0
11258,0
28914,0
6399,0
62710,0
34547,0
33697,0
18579,0
12253,0
39473,0
55101,0
76183,0
74152,0
21784,0
64285,0
40227,0
38129,0
1088,0
53346,0
48408,0
32980,0
63052,0
15374,0
68939,0
43608,0
28835,0
24834,0
69841,0
75517,0
69697,0
66127,0
34581,0
4997,0
77963,0
32479,0
17325,0
70414,0
57537,0
4086,0
38573,0
60660,0
53888,0
58335,0
47291,0
69603,0
9673,0
18243,0
69289,0
10948,0
29401,0
53575,0
18236,0
53826,0
52264,0
45095,0
53887,0
30277,0
41360,0
38021,0
18171,0
19892,0
40183,0
13418,0
42892,0
56190,0
71664,0
52033,0
35181,0
18474,0
19510,0
9655,0
30381,0
19081,0
67579,0
53354,0
48450,0
57616,0
53762,0
23284,0
61923,1
39305,0
70299,0
4188,0
53992,0
41349,0
57810,0
16346,0
28500,0
5844,0
68615,0
70082,0
15413,1
67673,0
7886,0
16474,0
46809,0
16045,0
48682,0
26029,0
50691,0
30191,0
71373,0
45625,0
64319,0
62018,0
60172,0
27654,0
46590,0
67359,0
46891,0
4628,0
69682,0
62863,0
42338,0
74402,0
14769,0
76883,0
41690,0
4960,0
63204,0
73429,0
43770,0
51227,0
7839,0
7278,0
60882,0
23278,0
31898,0
23137,0
59859,0
27160,0
10724,0
12238,0
1237,0
9688,0
50500,0
122,0
78221,0
20905,1
14544,0
9192,0
33931,0
11666,0
23157,0
59395,0
71440,0
58451,0
70682,0
62125,0
70465,0
46905,0
70839,0
1790,0
73967,0
16505,0
34312,0
64292,0
18580,0
24002,0
18144,0
39543,0
59226,0
49276,1
21821,0
51501,0
29924,0
37672,0
51300,0
9762,0
57612,0
36492,0
37750,0
24313,0
71962,0
36791,0
23290,0
29228,0
52650,0
22183,0
4223,0
65207,0
47490,0
21039,0
26373,0
36209,0
51525,0
12440,0
21121,0
49935,0
12114,0
76356,0
10902,0
67747,0
27011,0
69822,0
50573,0
75337,0
16410,0
17435,0
15239,0
15344,0
12602,0
11215,0
64081,0
71087,0
67022,0
77141,0
23251,0
7695,0
21497,0
40600,0
28627,0
60457,0
18519,0
20204,0
71130,0
51819,0
34281,0
50541,0
58307,0
41876,0
61445,0
67643,0
75389,0
11463,0
16004,0
78285,1
16303,0
38248,0
1489,0
10078,0
4147,0
62273,0
63252,0
70428,0
43828,0
2100,0
16443,0
30473,0
75410,0
64048,0
34589,0
71773,0
21474,0
70329,0
55880,0
64987,0
66044,0
3198,0
71060,0
36175,0
24088,1
49259,0
45142,0
65071,0
57412,0
76090,0
11402,0
59200,0
5850,0
70373,0
62057,0
74608,0
10002,0
17619,0
38983,0
66622,0
23370,0
60497,0
40531,0
8110,0
76952,0
30035,0
43077,0
43801,0
7889,0
35563,0
55127,0
70234,0
31919,0
50034,0
34827,0
13222,0
14661,0
38777,0
16423,0
68563,0
72660,0
37697,0
66869,0
48459,0
21820,0
73655,0
38663,0
71383,0
16535,0
47183,0
18188,0
51141,0
61319,0
17448,0
77100,0
675,0
77815,0
3984,0
73440,0
156,0
17767,0
64560,0
24960,0
62050,0
5903,0
47531,0
59524,0
62245,0
8277,0
69731,0
27534,0
27705,0
37734,0
59620,0
12146,0
64243,0
65242,0
64497,0
76006,0
36187,0
24870,0
5497,0
24934,0
52397,0
40235,0
18131,0
3950,0
39590,0
30914,0
52056,0
19880,0
41506,0
44049,0
40768,0
49224,0
42603,0
24696,0
28503,0
39407,0
51872,0
58288,0
53839,0
72576,0
71319,0
36805,0
41124,0
6680,0
47982,0
5226,0
47099,1
10591,0
32368,0
17544,0
39302,0
64543,0
53417,0
73096,0
27769,0
49993,0
47910,0
23414,0
12677,0
13096,0
77227,0
27843,0
3090,0
61039,1
2487,0
27319,0
56972,0
52584,0
23992,0
35190,0
75754,0
76094,0
44124,0
50856,0
76487,0
66445,0
36755,0
70412,0
68059,0
15267,0
21602,0
69902,0
39727,0
59592,0
4673,1
55290,0
68080,0
14031,0
64044,0
69925,0
12459,0
33044,0
59869,0
73818,0
34664,0
48392,0
65730,0
15290,0
26116,0
23298,0
55682,0
3313,0
20180,0
44790,0
9803,0
63656,0
43079,0
67856,0
31784,0
54671,0
77690,0
5083,0
50664,0
10319,0
36848,0
13875,0
6522,0
13060,0
32546,0
6914,0
72013,0
27062,0
59431,0
19319,0
25919,0
70284,0
43669,0
22962,0
69739,0
73758,0
23790,0
45576,0
77125,0
69285,0
41453,0
77942,0
35301,0
47436,0
14627,0
62270,0
63552,0
64215,0
66812,0
26207,0
17109,0
24270,0
48206,0
73998,0
2974,0
5501,0
5026,0
43258,0
39712,0
14134,0
72156,0
28035,0
77593,0
72380,0
51198,0
6997,0
61678,0
6965,0
58818,0
51907,0
69777,0
28966,0
19254,0
7320,0
47063,0
68822,0
1665,0
17372,0
43462,0
44170,0
17342,0
21187,0
16464,0
65891,0
2830,0
26547,0
45423,0
27450,0
50148,0
53185,0
16152,0
54139,0
49931,0
50414,0
16359,0
77245,0
63431,0
452,0
7763,0
74698,0
35480,0
65515,0
12801,0
68557,0
18883,0
32164,0
51425,0
18325,0
8282,0
9601,0
53103,0
41473,0
70468,0
29153,0
77463,0
57716,0
40890,0
38846,0
67889,0
28606,0
13738,0
75095,0
50749,0
18952,0
15112,0
3696,0
53468,0
50157,0
31061,0
48369,0
40048,0
63872,0
34973,0
32388,0
47280,0
67620,0
21400,0
48240,0
44426,0
3972,0
60181,0
9321,0
19481,0
4421,0
59426,0
24354,0
15298,0
17157,0
11539,0
37099,0
15166,0
16258,0
2895,0
17534,0
3880,0
62092,0
68787,0
56909,0
23458,0
55620,0
76550,0
63859,0
9497,0
41819,0
37479,0
7200,0
46954,0
62579,0
6600,0
34418,0
25653,0
35012,0
8043,0
11398,0
18938,0
36165,0
36804,0
3391,0
48547,0
67669,0
31946,0
12346,0
6864,0
47624,0
23445,0
62070,0
6619,0
23756,0
7524,0
28208,0
36749,0
71113,0
30840,0
67662,0
64964,0
25014,0
9498,0
3032,0
34488,0
32433,0
61024,0
11300,0
56680,0
61507,0
27537,0
47827,0
51410,0
27700,0
29482,0
67358,1
24709,0
18828,0
11508,0
55084,0
50938,0
29612,0
26348,0
45342,0
22061,0
32371,0
17244,0
4704,0
57169,0
46106,0
73877,0
50690,1
64631,0
61295,0
22852,0
40317,0
67980,0
14830,0
14273,1
24429,0
11029,0
20630,0
11329,0
70230,1
48481,0
14608,0
44156,0
45757,0
77108,0
44961,0
65864,0
23005,0
25682,0
33052,0
6871,0
69440,0
27824,0
36058,0
14704,0
34780,0
64858,0
57101,0
61488,0
54077,0
58828,0
36978,0
6373,0
44817,0
6398,0
34074,0
42077,0
10978,0
53224,0
62093,0
65707,0
66988,0
19686,0
5267,0
65522,0
50299,0
34728,0
40191,0
44113,0
66615,0
31987,1
66529,0
36946,0
38349,0
17952,0
18898,0
66661,0
26419,0
23177,0
59598,0
49182,0
38829,0
19215,0
69532,0
66485,0
51965,0
20315,0
44990,0
55178,0
36219,0
31941,0
65804,0
68275,0
18714,0
31888,0
3263,0
14632,0
39070,0
2570,0
55214,0
69270,0
76402,0
45320,0
17340,0
34019,0
68490,0
42692,0
69443,0
73187,0
9856,0
56304,0
25740,0
45253,0
65578,0
35643,0
52673,0
49329,0
11256,0
74609,0
45692,0
65113,0
45571,0
59317,0
23882,0
29012,0
12731,0
385,0
62472,0
49345,0
36862,0
42710,0
19367,0
2304,0
2261,0
71739,0
19955,0
52144,0
27124,0
36366,0
7357,0
26742,0
38528,1
76277,0
76788,0
42243,0
47308,0
38734,1
29107,0
28847,1
40924,0
15473,0
73419,0
44417,0
2085,0
33822,0
33250,0
11788,0
24562,0
58666,0
43101,0
57996,0
73024,0
28287,0
50197,0
41161,0
37948,0
17051,0
29073,0
6588,0
33221,0
34974,0
25624,0
45602,0
74884,0
41362,0
71069,0
52944,0
835,0
29096,0
31984,1
25080,0
26516,0
51330,0
70678,0
938,1
57027,0
71138,0
23927,0
44626,0
17238,0
26819,0
47819,0
69165,0
58576,0
77526,0
17031,0
33423,0
56158,0
41157,0
5170,0
5210,0
18391,0
45148,0
16147,0
77275,0
30107,0
24845,0
30444,0
58021,0
2065,0
52658,0
14888,0
40751,0
41796,0
30400,0
35546,0
49105,0
34656,0
59217,1
77693,0
10642,0
14289,0
17579,0
1260,0
18305,0
33061,0
49369,0
36773,0
22800,0
3119,0
72675,0
25016,0
46832,0
64318,0
70753,0
57944,0
41510,0
26614,0
53617,0
42386,0
62764,1
2599,0
73912,0
61366,0
64990,0
16382,0
16647,0
54910,0
61303,0
68370,0
63861,0
44649,0
65043,0
53071,0
58688,1
46817,0
19184,1
52922,0
49990,0
54578,0
28994,0
10778,0
12610,0
26864,0
17655,0
77892,0
60622,0
50205,0
29976,0
5468,0
13135,0
75222,0
26187,0
66792,0
22068,0
34010,0
77895,0
11133,0
75250,0
25178,0
72597,0
26386,0
3244,0
15394,0
28312,0
70899,0
34362,0
33401,0
54402,0
12862,0
56002,0
19444,0
72310,0
49319,0
56809,0
36644,0
70115,0
37413,0
24114,0
11225,0
54155,0
32878,0
57593,0
32085,0
12449,0
28005,0
20096,0
14589,0
40428,0
24980,0
8455,0
20693,0
14360,0
20131,0
75363,0
19562,0
18848,0
38197,0
6339,0
74054,1
13971,0
52276,0
28095,0
62120,0
28539,0
3776,0
23474,0
77473,0
72325,0
9863,0
15828,0
23846,0
58672,0
40728,0
67868,0
21186,0
45027,0
44442,0
64350,0
42258,0
6788,0
6422,0
48260,0
42694,0
37419,0
23083,0
39653,0
32510,0
26565,0
78198,0
5037,0
71452,0
57192,0
18386,0
66401,0
10981,0
74304,0
50761,0
6955,0
61408,0
17194,0
51058,0
74544,0
69689,0
16387,0
46091,0
27142,0
41879,0
49746,0
45612,0
57141,0
15388,0
13490,0
1173,0
50842,0
24269,0
38616,0
46060,0
43050,0
34083,0
73755,0
6266,0
22651,0
23132,0
43689,0
26639,1
32484,0
51672,0
22736,1
49868,0
26302,0
62911,0
60623,0
55854,0
26109,0
47688,0
58452,0
48428,0
28706,0
25849,0
75449,0
13044,0
47446,0
50722,0
74144,0
4382,0
70880,0
73984,0
44547,0
25995,0
22628,0
11754,0
58254,0
12583,0
40577,0
13503,0
57642,0
68747,0
66159,0
40078,0
37946,0
75130,0
23303,0
39141,0
53323,0
21149,0
6702,0
17075,0
11353,0
42704,0
40705,0
53412,0
73539,0
30282,1
12989,0
3642,1
16671,0
37250,0
40156,0
18041,0
59891,0
8300,0
14110,0
71935,0
3539,0
32960,0
69858,0
67303,0
42006,0
55260,0
910,0
11096,0
9074,0
15423,0
61288,0
64599,0
13251,0
57897,0
69807,0
46405,0
12852,0
16949,0
22193,0
36258,0
9509,0
12458,0
64247,0
36331,0
30471,0
60531,0
33516,0
14007,0
64175,0
76939,0
42486,0
45555,0
13634,0
36080,0
3794,0
69045,0
54168,0
18408,0
24921,0
41171,0
5428,0
7403,0
65249,0
19440,0
57721,0
23636,0
66313,0
39699,0
61198,0
52851,0
53079,0
10482,0
56957,0
14729,0
344,0
66564,0
24956,0
17666,0
25929,0
38355,0
30009,0
54747,0
62040,0
45540,0
38425,0
24691,0
75541,0
59739,0
45826,0
61500,0
20333,0
69072,0
5822,1
889,0
58713,0
54849,0
16469,0
15988,0
71824,0
1271,0
22114,0
46096,0
71815,0
55187,0
64821,0
34782,0
74660,0
59336,0
33067,0
11718,0
53096,0
76660,0
27421,0
64919,0
46035,0
76674,0
40567,0
58229,0
34822,0
21444,0
39294,0
3335,0
45548,0
35630,0
23215,0
8497,0
3585,0
19569,0
46933,0
10071,0
60920,0
40886,0
32029,0
69441,0
44623,0
37843,0
63285,0
887,0
49911,0
63410,0
49598,0
16235,0
42311,0
39821,0
60548,0
25407,0
63994,0
47737,0
70238,0
2116,0
9210,0
53610,0
18201,0
41714,0
50978,0
75639,0
23283,0
120,0
46194,0
38797,0
2072,0
32200,0
1761,0
3120,0
76173,0
46799,0
12359,0
42765,0
51523,0
19587,0
5282,0
13179,0
10042,0
2287,0
57489,0
48514,0
2922,1
48167,0
28952,0
33384,0
56550,0
55743,0
3795,0
46781,1
45331,0
42883,0
44820,0
70089,0
15037,0
57878,0
51438,0
30062,0
9604,0
61668,0
72999,0
70314,0
10628,0
68894,0
47440,0
66959,0
48265,0
41172,0
52198,0
14714,0
24391,0
19373,0
25743,0
55160,0
69535,0
15046,0
38760,0
25030,0
54501,0
58796,0
17189,0
22974,0
29873,0
72762,0
75733,0
10445,0
57570,0
39345,0
63483,0
73534,0
52483,0
60168,0
19822,0
43993,0
76184,0
24721,0
41240,0
34995,0
69759,0
65234,0
73577,0
40804,0
66334,0
39665,0
64180,0
62367,0
70588,0
18037,0
16433,0
34544,0
60339,0
52681,0
41861,0
20995,0
32558,0
62829,0
21046,0
39238,0
69230,0
66746,0
35150,0
13565,0
24295,0
59489,0
67481,0
62113,0
49697,0
11657,0
6392,0
26529,1
53094,0
5928,0
38763,0
31459,0
56332,0
47808,0
3040,0
64676,1
5310,0
18480,0
27020,0
58290,0
77869,0
24545,0
11746,0
64690,0
48655,1
56840,0
20850,0
74987,0
40288,0
5967,0
20638,0
60268,0
51082,0
67814,0
53767,1
1942,0
76100,0
22387,0
74006,0
11067,0
70866,0
74958,0
43299,0
28046,0
47414,0
50805,0
27118,0
11580,0
31418,0
62119,0
8725,0
25550,0
50747,0
46826,0
5123,0
15127,0
72630,0
12536,0
32296,0
61129,0
73184,0
10416,0
60799,0
25760,0
45273,0
67542,0
42784,0
6231,0
44341,0
36721,0
77091,0
61841,0
10254,1
13470,0
41272,0
46051,0
50137,0
19164,0
2571,0
34572,0
54134,0
11700,0
24909,0
56689,0
46440,0
15035,0
55506,0
70010,0
47502,0
28344,0
34094,0
48073,0
12936,0
3583,0
74600,0
77385,0
75199,0
46707,0
9402,0
6110,0
65394,0
67711,0
54210,0
12016,0
62774,0
9918,0
1070,0
2747,0
73462,0
25856,0
28640,0
3981,0
67203,0
1608,0
8802,0
15703,0
39620,0
64149,0
6896,0
60666,0
66418,0
53583,0
68153,0
65004,0
63567,0
16374,0
10470,0
60584,0
75001,0
8514,0
66193,0
17855,0
54754,0
68840,0
17264,0
63935,0
15887,0
3687,0
75277,0
26119,0
58851,0
6660,0
53128,0
20700,0
14301,0
33362,0
51517,0
45369,0
63025,0
68127,0
57032,0
77410,0
33135,0
23865,0
10601,0
35009,0
39517,1
25710,0
32773,0
18810,0
61362,0
41650,0
31205,0
67332,0
62849,0
54845,0
63720,0
1662,0
50831,0
41321,0
62250,0
39953,0
59897,0
49677,0
15738,0
21878,0
45338,0
19428,0
44323,0
4398,0
74492,0
60794,0
44753,0
28889,0
11522,0
13014,0
11166,0
32452,0
15878,0
5860,0
14239,0
21271,0
69231,0
13729,0
30299,0
37303,1
33235,0
78288,1
47395,0
42964,0
60418,0
17178,0
19539,0
73338,0
77416,1
44864,0
71817,0
47660,0
25901,0
74185,0
8037,0
56914,0
70646,0
16428,0
73392,0
5899,0
30878,0
12608,0
54056,0
71848,1
24638,0
76070,0
77930,0
20749,0
25042,0
15990,0
11719,0
70447,0
58989,0
32766,0
29450,0
71606,0
8424,1
5141,0
29615,0
66016,0
56700,0
3284,0
8900,0
32321,0
74695,0
65195,0
14500,0
10174,0
9752,0
64279,0
1543,0
53061,0
72796,0
75321,0
66129,0
34255,0
21722,0
74690,0
61240,0
57369,0
34260,0
1788,0
252,0
58776,0
30725,0
13435,0
7134,0
70821,0
26493,0
31246,0
43356,0
38223,0
68186,0
756,0
8328,0
65636,0
10137,0
8789,0
60909,0
35637,0
71614,0
58314,0
13540,0
33409,0
36553,0
41922,0
67811,0
25983,0
50084,0
30440,0
17869,0
49844,0
20120,0
74620,0
62152,0
67707,0
60164,0
50457,0
69293,0
27576,1
68483,0
53639,1
53309,0
28756,0
39250,0
42753,0
73123,0
54262,0
22563,0
46134,0
61599,0
48012,0
21576,0
28574,0
46076,0
19052,0
47288,0
27300,0
71655,0
41590,0
23422,0
5286,0
15004,0
68860,0
36654,0
40028,0
75860,0
31062,0
18230,0
3041,0
76611,0
7380,0
77572,0
67880,0
31450,0
28552,0
74967,0
65859,0
55266,1
1057,0
53466,1
43512,0
41906,0
24338,0
16859,0
57789,0
55661,0
1700,0
5867,0
54878,0
70974,0
43650,0
38184,0
35291,0
66416,0
50613,0
63845,0
75361,1
43723,0
27052,0
15277,0
31014,0
60831,0
7653,0
24457,0
40491,0
45017,0
12745,0
77498,0
44869,0
47781,0
20606,0
28476,0
67185,0
36579,0
77022,0
73221,0
60715,0
39497,0
9179,0
47340,0
70724,0
39035,0
65654,0
76082,0
77900,0
54868,0
51014,0
25346,0
121,0
34350,0
51079,0
39184,0
75878,0
68154,0
12071,0
8890,0
75444,1
17537,0
7444,0
40822,0
26084,0
61487,0
5275,0
7954,0
39328,0
30743,0
44009,0
74912,0
32688,0
26065,0
46453,0
14260,0
46875,1
23316,0
20399,0
72075,0
4455,0
19840,0
69031,0
76763,1
15082,0
32214,0
55538,0
56899,0
29611,0
75356,0
43119,0
62271,0
56883,0
62727,0
75746,0
69857,0
73159,0
316,0
1765,0
4646,1
34833,0
51850,0
5718,0
36878,0
5223,0
39658,0
1899,0
34624,0
20685,0
3817,0
53628,0
17405,0
15237,0
54981,0
18874,0
9249,0
66515,0
28469,0
7025,0
72222,0
24327,0
13288,0
71643,0
55225,0
22289,0
68114,0
63922,0
15332,0
14291,0
36191,0
77660,0
59293,0
30020,0
17822,0
71212,0
36613,0
26613,0
55100,0
57428,0
74449,0
27121,0
31249,0
33554,0
17010,0
51913,0
71567,1
65108,0
35356,0
10284,0
75922,0
2963,0
41661,0
3763,1
44538,0
30247,0
10453,0
44032,0
69332,0
38511,0
62335,0
4424,0
43720,0
5352,0
4541,0
14870,0
27021,0
3577,0
46961,0
59543,0
39306,0
2991,0
12350,0
39370,0
13013,0
47332,0
16430,0
41459,0
15164,0
3383,0
42070,0
20349,0
20155,0
15961,0
22568,0
17260,0
33613,0
29402,0
77411,0
71401,0
4662,0
13159,0
53828,0
46766,0
48733,0
24098,0
39575,0
20713,0
53122,0
75099,0
1079,0
36013,0
5615,0
54123,0
73028,0
23046,0
4157,0
70254,0
17205,0
20769,0
44093,0
67393,0
43400,0
7844,0
73700,0
10654,0
68926,0
69680,0
69572,0
6685,0
12251,0
55158,0
52881,0
52024,0
63209,0
60029,0
52700,0
70159,0
70492,0
72285,0
78152,0
46531,0
31500,0
18383,0
65926,0
46523,0
49884,0
19930,0
33050,0
25290,0
8451,0
16431,0
42487,0
74189,0
52195,0
54300,0
17504,0
72459,0
56739,0
23656,0
49436,0
296,0
12746,0
76039,0
76780,0
44022,0
72482,0
139,0
33149,0
8064,0
3849,0
6321,0
69267,0
58732,0
78248,0
53824,0
47485,0
6668,0
47669,0
988,0
59846,0
39894,0
1244,0
12207,0
75049,0
5711,0
37240,0
33301,0
59455,1
71543,0
49042,0
66847,0
774,0
19499,0
29910,0
21817,0
57573,0
26843,0
53777,0
46041,0
25221,0
39571,0
52497,0
24431,0
26144,0
24525,0
70323,0
5833,0
41182,0
71645,0
26412,0
65310,0
31531,0
14074,0
51427,0
62109,0
72275,0
24419,0
52442,0
69878,1
20725,0
22413,0
57422,0
51834,0
30264,0
53341,0
45892,0
10052,0
32492,0
65825,0
5262,0
40734,0
68000,0
11573,0
67506,0
15945,0
71439,0
63850,0
1728,0
750,0
6879,0
28509,0
61804,0
54911,0
73725,0
5646,0
47046,0
28879,0
47772,0
64969,0
9183,0
77263,0
53558,0
61792,0
17564,0
70156,0
46690,0
72807,0
12768,0
50307,0
3867,0
23154,0
21523,0
44090,0
15439,0
43203,0
49773,0
68503,0
16646,0
72537,0
34625,0
14902,1
40346,0
6409,0
61034,0
55299,0
49825,0
61532,0
22754,0
14620,0
72551,0
23989,0
29128,0
69897,0
9833,0
8998,0
59581,0
16293,0
13730,0
10686,0
22430,0
67504,0
49193,0
41803,0
47983,0
70256,0
4098,0
65915,0
5827,0
70382,0
23891,0
10485,0
61513,0
33928,0
45512,0
70645,0
13431,0
71975,0
32860,0
37732,0
24825,1
50669,0
54426,0
30244,0
66306,0
74995,0
67316,0
1768,0
27095,0
11643,0
59802,0
68253,0
60088,0
57073,0
7808,0
60688,0
5372,0
1935,0
8926,0
58561,0
39026,0
858,0
12032,0
33846,0
27702,0
29704,0
72609,0
77845,0
35288,0
50337,0
53606,0
66674,0
52396,0
71586,0
64814,0
48712,0
77216,0
28490,0
73890,0
70351,0
48804,0
52069,0
33734,0
4802,0
50108,0
62456,0
18496,0
65095,0
77522,0
51423,0
16328,0
28881,0
44786,0
66760,0
56673,0
47396,0
44606,0
43289,0
77808,0
17707,0
59703,0
50935,0
23178,0
35419,0
18529,0
52304,0
24362,0
30512,0
16408,0
62679,0
21212,0
27282,0
74436,0
55836,0
32708,0
30510,0
5038,0
36774,0
31727,0
42887,0
25266,0
16596,0
23212,0
13656,0
17061,0
13801,0
74732,1
59154,0
26115,0
51544,1
55858,0
16847,0
29056,0
68625,0
14744,0
69686,0
23094,0
15497,0
50881,0
71124,0
2729,0
70908,0
54333,0
36069,0
57693,0
30039,0
279,0
31138,0
51803,0
17188,0
26218,0
20196,0
66774,0
9674,0
12725,0
17730,0
11462,0
37998,0
73609,0
75282,0
28496,0
54305,0
2639,0
33350,0
15743,0
36128,0
19438,0
57097,0
44109,0
71819,0
3883,0
72123,0
64709,0
32273,0
73151,0
34199,0
53497,0
63598,0
46410,0
22787,0
21531,0
71998,0
70361,0
77625,0
16226,0
19926,0
36617,0
16213,0
18852,0
62365,0
66472,0
55314,0
70714,0
9622,0
2060,0
47541,0
8872,0
74552,0
46385,0
73364,0
41537,0
57389,0
42002,0
63889,1
50101,0
38630,0
46195,0
70923,0
33469,0
20818,0
62587,0
47406,0
34789,0
40515,0
7261,0
40860,0
64227,0
77997,0
52601,0
64016,0
9481,0
31382,0
23227,0
615,0
44721,0
6149,0
17222,0
52604,0
5148,0
52210,0
27631,0
15256,0
77283,0
14257,0
61277,0
11632,0
56849,0
31102,0
49964,0
28450,0
64485,0
65771,0
34606,0
25779,0
57795,0
43378,0
12921,0
397,0
23234,1
61883,0
56764,0
59006,0
78061,0
34493,1
57470,0
861,0
53576,0
75422,0
9162,0
65759,0
59456,0
35531,0
52137,1
18616,0
46816,0
39453,0
14996,0
26605,0
61748,0
3616,0
78233,0
41640,0
66837,0
200,0
71519,0
1997,0
59929,0
35641,0
13047,0
45015,0
63630,0
57450,0
72327,0
22648,0
77750,0
24936,0
59452,1
15226,0
60131,0
46798,0
45545,0
7274,0
44705,0
64879,0
77448,0
77575,0
36000,0
24004,0
7442,0
52535,0
39246,0
32019,0
25899,0
55035,0
12466,0
72534,0
9767,0
23386,0
74325,0
17877,0
71280,0
33560,0
66329,0
91,0
63719,0
63944,0
77983,0
7657,0
23978,0
53076,0
7299,0
17894,0
58388,0
47231,0
23646,0
52600,0
67618,0
60358,0
58485,0
62582,0
67827,1
75124,0
64853,0
29531,0
29814,0
70285,0
59521,0
70800,1
27734,0
74049,0
48098,0
77864,0
3257,0
32814,0
16567,0
73450,0
50743,0
34501,0
38008,0
21580,0
41493,0
4618,0
45472,0
43329,0
68621,0
35450,0
25606,0
46663,0
71552,1
60746,0
63263,0
61150,0
15917,0
51549,0
14189,0
31339,0
43633,0
71899,0
7475,0
53970,0
54407,0
24791,0
11868,0
61363,0
32664,0
8369,0
27175,0
60570,0
22174,0
70368,0
50587,0
12847,0
71057,0
56509,0
57512,0
37128,0
5666,0
53349,0
69601,0
54573,0
33356,0
58976,0
7404,0
45364,0
56722,0
78045,0
71074,0
26203,0
73470,0
20228,0
32213,0
21061,0
42459,0
20894,0
38162,0
15908,0
18847,0
49343,0
21351,0
49012,0
73403,0
25924,0
7504,0
76299,0
42162,0
34665,0
51104,0
69008,0
31631,0
46475,0
20505,0
48768,0
58861,0
65200,0
67294,0
36795,0
70452,0
37908,0
12015,0
40820,0
55550,0
72253,0
29303,0
9215,0
13487,0
13642,0
35175,0
17495,0
31285,0
21138,0
14557,0
37554,0
64552,0
44603,0
62949,0
56886,0
67991,0
18312,0
57621,0
44832,0
77721,0
6102,0
37627,0
76688,0
44784,0
43790,0
33739,0
57368,0
61148,0
50910,0
19605,0
18939,0
17909,0
11060,0
50555,0
41260,0
12200,1
28391,0
32553,0
59693,0
59223,0
34826,0
65526,0
61614,0
19364,0
12161,0
68063,0
1478,0
43894,0
47840,0
33962,0
53912,0
6628,0
2954,0
57900,0
34793,0
14575,0
36300,0
40050,0
71623,0
69485,0
27643,0
22829,0
41993,0
48734,0
45566,0
24223,0
12260,0
40956,0
67144,0
65089,0
64656,0
45158,0
55055,0
63108,1
19825,0
2390,0
4074,0
18652,0
77183,0
77447,0
40238,0
60894,0
30132,0
35120,0
23928,0
57328,0
19763,0
8964,0
4035,0
22173,0
866,0
17296,0
3449,0
76221,0
588,0
46161,0
8501,0
68245,0
36714,0
76679,0
43711,0
26965,0
70910,0
6839,0
4192,0
14702,0
59296,0
2247,0
18087,0
7191,0
15197,0
68569,0
21169,0
24826,0
14030,0
33639,0
8352,0
10507,0
75029,0
5680,0
1207,0
59714,0
12331,0
38566,0
18269,0
44018,0
5878,1
29631,0
62578,0
24143,0
56691,0
35307,0
32050,0
71323,0
53681,0
4220,0
55296,0
23431,0
34438,0
35560,0
44307,0
20379,0
1254,0
36672,0
44082,0
57016,0
13789,0
58761,0
28063,0
41468,0
58308,0
18727,0
58089,0
7837,0
52297,0
19118,0
9771,0
12946,0
20873,0
27719,0
27470,0
23829,0
18221,0
52419,0
32666,0
76934,0
44647,0
44662,0
9118,0
39382,0
56737,0
67923,0
36252,0
19648,0
44668,0
43760,0
2937,0
17600,0
62833,0
8312,0
50162,0
4310,0
34307,0
11007,0
61053,0
4359,0
2173,0
52359,0
70257,0
16318,0
55998,0
21561,0
67140,0
26750,0
58193,0
10310,0
37255,0
43026,0
69962,0
37236,0
50757,0
63018,0
29641,0
39615,0
35947,0
65584,0
54767,0
11639,0
74799,0
61267,0
72212,0
41011,0
19863,0
75745,0
48075,0
30435,0
68663,0
6369,0
38741,0
62827,0
46181,0
67420,0
3404,0
55394,0
66060,0
4985,0
74679,0
66113,0
16053,0
46943,0
44933,0
42774,0
8529,0
75313,0
57589,0
30094,0
24401,0
39074,0
59165,0
78263,0
7949,0
73514,0
3319,0
52545,0
58598,0
68717,1
1393,0
12361,0
37332,0
61585,0
59388,0
14559,0
66637,0
42740,0
69400,0
62766,0
2760,0
12845,0
59014,0
8943,0
4947,0
5378,0
46596,0
16238,0
53984,0
3196,0
60590,0
2507,0
48854,0
56512,0
40293,0
4024,0
53490,0
68915,0
23509,0
49358,0
52920,0
76390,0
51635,0
38541,0
67236,0
20008,0
27975,0
13054,0
65646,0
33882,0
44092,0
42164,0
41752,0
67116,0
1423,0
22591,0
3741,0
17266,0
63910,0
48945,0
18598,0
58679,0
73743,0
63934,0
32079,0
76522,0
18637,0
46406,0
41941,0
6205,0
34372,0
16310,0
51638,0
62761,0
36886,0
68354,0
43161,0
60089,1
48645,0
54958,0
3001,0
45448,0
71151,0
28436,0
43571,0
31690,0
47725,0
52740,0
4918,0
72995,0
7729,0
5908,0
48935,0
3930,0
9715,0
1034,0
77136,0
75763,0
29496,0
63275,0
7342,0
33603,0
2720,0
53010,0
51515,0
49361,0
28791,0
31463,0
19590,0
28038,0
51320,0
67485,0
72148,0
39213,0
35031,0
59245,0
42729,0
64056,0
30930,0
68693,0
24850,0
69766,0
54638,0
30431,0
49277,0
26688,0
2516,0
76742,0
71347,0
2950,1
3787,0
37266,0
75332,0
4327,0
67314,0
75170,0
46332,0
58202,0
16367,1
14591,0
7772,0
65582,0
65747,0
48614,0
70639,0
18837,0
24174,0
19222,0
57205,0
17161,0
14138,0
8316,0
14506,0
59429,0
8577,0
43652,0
30843,0
47219,0
55919,0
59241,0
49171,0
64650,0
17389,0
21969,0
5688,0
22324,0
51350,0
70406,0
57609,0
34117,0
40327,0
12086,0
52515,0
22894,0
12933,0
54319,0
31439,0
74418,0
58043,0
18543,0
48650,0
11222,0
13043,0
438,0
14427,0
49827,0
20562,0
65729,0
52986,0
768,0
74321,0
2391,0
64113,0
70041,0
44591,0
76853,0
41891,0
64487,0
62915,0
29582,0
44939,0
73170,0
75847,0
17326,0
44871,0
15397,0
38250,0
49862,0
32930,0
38703,0
42436,0
73565,0
1321,0
2628,0
26899,0
62287,0
36509,0
37525,0
61801,0
37871,0
47441,0
13785,0
73115,0
30817,0
40326,0
11564,0
23258,0
9789,0
61578,0
15483,0
63280,0
74469,0
2177,0
42398,0
11614,0
22571,0
29777,0
18423,0
16017,0
28425,0
3917,0
29312,0
44726,0
20922,0
33358,0
26923,0
44358,0
29495,0
20038,0
48462,0
68360,0
34479,0
48006,0
72110,0
14004,0
17089,0
5593,0
41562,0
5598,0
16510,0
16907,1
73198,0
7794,0
77578,1
26312,0
62801,0
64226,0
70261,0
57566,0
4584,0
42210,0
67859,0
7428,0
76457,0
9175,0
34838,0
43275,0
71885,0
44321,0
35114,0
25272,0
74135,0
613,0
26438,0
7204,0
2331,0
52140,0
50734,1
38303,0
8278,1
25459,0
37280,0
12041,0
520,0
55331,0
66183,0
55263,0
66819,0
6630,0
77476,1
30520,0
76367,0
55067,0
76685,0
69752,0
62525,0
54771,0
33621,0
72854,0
63307,0
56569,0
73504,0
45774,0
36461,0
57669,0
77340,0
52908,0
31894,0
35331,0
57615,0
68610,0
60180,0
31410,0
47455,0
50416,0
43418,0
52806,0
61935,0
46526,0
32042,0
48648,0
76220,0
54175,0
30798,0
66224,0
49540,0
69110,0
12641,0
44437,0
34978,0
77779,0
21167,0
13213,0
2356,0
16845,0
31933,0
28289,0
3907,0
17572,0
74924,0
65937,0
12988,0
37442,0
10774,0
11944,0
69884,0
10109,0
32351,0
77172,0
7803,0
74641,0
5301,0
64406,0
28588,1
60209,0
49628,0
9433,0
64296,0
59607,0
15602,0
51899,0
61700,0
77207,0
8902,0
7518,0
2192,0
20289,0
34225,0
32205,0
37371,0
22587,0
44694,0
58749,0
43514,0
15292,0
67166,0
40772,0
23667,0
54279,0
43648,0
31523,0
25821,0
36671,0
958,0
75268,0
62254,0
12762,0
16116,0
59862,0
27068,0
3129,0
78007,0
39794,0
44385,0
49299,0
70561,0
8197,0
73671,0
74612,0
53730,0
17901,0
71233,0
56954,0
26538,0
73137,0
28196,0
22567,0
26377,0
15577,0
71761,0
14843,0
9533,0
13139,0
25947,0
17331,0
72848,0
63709,0
1453,0
35137,0
48335,0
33539,0
24240,0
24012,0
71508,0
74575,0
54676,0
28482,0
58926,0
34536,0
5403,0
17612,0
65482,0
63454,0
53756,0
65933,0
33365,0
66164,0
1656,0
46721,0
776,0
13292,0
55929,0
24761,0
18444,0
52155,0
31425,0
46287,0
42683,0
18421,0
47113,0
15843,1
66155,0
12247,0
45092,0
35119,0
2833,0
30392,0
67511,0
19483,0
38142,0
10942,0
6268,0
11338,0
290,0
42742,0
35824,0
56039,0
58358,0
29327,0
47349,0
64202,0
58532,0
18631,0
11848,0
63249,0
55524,0
16471,1
38662,0
10561,0
17590,0
16425,0
21311,0
29801,0
32202,0
10588,0
3282,0
65375,0
77336,0
4356,0
55045,0
50936,0
73294,1
41592,0
29020,0
47640,1
30536,0
52282,0
8865,0
15053,0
23336,0
58580,0
10180,0
30948,0
68100,0
62491,0
27027,0
43642,0
51567,0
58616,0
71237,0
76080,0
40039,0
16818,0
71714,0
72284,0
34526,0
25139,0
75523,0
23515,0
38497,0
45032,0
45812,0
30386,0
41244,0
24180,0
56829,0
42045,0
70822,0
4060,0
74115,0
10309,0
65364,0
75634,0
4742,1
26627,0
28082,0
26917,0
51884,0
47574,0
25870,1
44889,0
17906,0
23037,0
46111,0
16619,0
46471,0
51586,0
28938,0
17976,0
61620,0
57248,0
53114,0
40271,0
1627,0
48862,0
3030,0
72768,0
65062,0
17991,0
1027,0
63981,0
8703,0
30656,0
48134,0
55239,0
52963,1
56164,0
75785,0
46311,0
7305,0
41710,0
18226,0
65696,0
44917,0
4100,0
43372,0
62665,0
40621,0
72981,0
60993,0
31309,0
47832,0
37218,0
31010,0
7405,0
49869,0
40077,0
25172,0
6925,1
33919,0
32918,0
70268,0
49987,0
32165,0
72091,0
14478,0
49288,0
60470,0
25965,0
8625,1
33474,0
17528,1
60170,0
9820,0
59078,0
3825,0
75687,0
74463,0
43856,0
20000,1
507,0
34535,0
13336,0
40152,0
64437,0
66915,0
57808,0
47542,0
26129,0
7111,0
14758,0
66690,0
18051,0
14293,0
74661,0
71700,0
33248,0
35597,0
5563,0
8649,0
48179,0
69756,0
51403,0
56755,0
67250,0
25948,0
14638,0
26450,0
8192,0
42790,0
76361,0
45303,0
32671,0
55295,0
44315,0
38249,0
3829,0
32096,0
11370,0
9739,0
4580,0
32603,0
28854,0
6380,0
68966,0
43084,0
56215,0
27207,0
50469,0
19970,0
32215,0
18614,0
76372,0
61640,0
63867,0
77491,0
68755,0
2353,0
9485,0
57184,0
17813,0
4816,0
57257,0
45258,0
45634,0
10863,0
48315,0
23454,0
58686,0
21338,0
35257,0
804,0
70460,0
72396,0
76627,0
37229,0
64248,0
21724,0
66029,0
19542,0
36419,0
21471,0
37206,0
35002,0
55020,0
39965,0
7127,0
19117,0
45796,0
11889,0
63553,0
11465,0
75378,0
27524,0
69888,0
8988,0
58124,0
76646,0
45695,0
40260,0
17456,0
31065,0
44452,0
32447,0
41373,0
1158,0
22780,0
44072,0
7088,0
8336,0
2618,0
77832,0
68487,0
5119,0
62743,1
41663,0
54383,0
35248,0
9558,0
48256,0
69733,0
7984,0
42130,0
36940,0
65496,0
24887,1
2730,0
54831,0
52895,0
56522,0
34071,0
66047,0
50548,0
69193,0
10671,0
62879,0
65561,0
23309,0
23096,0
24520,0
20501,0
25873,0
2768,0
3947,0
9070,0
36491,0
23931,0
24660,0
34054,0
1073,0
17613,0
2741,0
25844,0
24406,0
48188,0
57493,0
1720,0
22171,0
73672,1
39274,0
53932,0
1298,0
65751,0
10197,0
74931,0
24515,0
38343,0
37584,0
76810,0
72745,0
29890,0
77288,0
70015,0
36377,0
74851,0
41763,0
77756,0
40161,0
63196,0
46167,0
12930,0
62762,0
54922,0
35760,0
26943,0
36359,0
29828,0
5838,0
68192,0
71803,0
32280,0
49652,0
52320,0
3104,0
21542,0
19210,0
50383,0
29270,0
74856,1
8319,0
39626,0
48993,0
34470,0
46800,0
55072,0
77229,0
39798,0
16021,0
23599,0
39145,0
22478,0
54240,0
9575,0
10176,0
32475,0
1784,0
1889,0
17450,0
25254,0
28862,0
41827,0
68173,0
25437,0
29950,1
14295,0
2259,0
18826,0
3783,0
74399,0
49745,0
70158,0
6074,0
65845,0
53760,0
7633,0
35269,0
52509,0
44083,0
42526,0
68155,0
63818,0
62696,0
69980,0
71776,1
5507,0
10075,0
56806,0
66376,0
60070,0
49267,0
33466,0
55616,0
62489,1
67550,0
16880,0
68572,0
11751,0
73377,0
46819,0
46530,0
70951,0
61632,0
23274,0
26952,0
33642,0
32932,0
28919,0
57404,0
55989,0
68470,0
39112,0
3102,0
58512,0
22692,0
55501,0
46121,0
8166,0
62904,0
17295,0
33348,0
41658,0
6731,1
16419,0
59064,0
6830,0
9011,0
44549,0
39851,0
39636,0
16339,0
51852,0
65527,0
17190,1
56476,0
43164,0
48200,0
62726,0
7792,0
49347,0
9581,0
35054,0
35388,0
49442,0
66222,0
1886,0
57807,0
9122,0
61519,0
51623,0
71925,0
21862,0
59199,0
12484,0
30441,1
23763,0
12439,0
48323,0
69032,0
69896,0
52668,0
14674,0
25724,0
30030,0
61799,0
751,0
37499,0
74096,0
20951,0
47835,0
78046,0
1356,0
18526,0
15576,0
20938,0
1221,0
34819,0
25338,0
57961,0
42453,0
67696,0
11440,0
51091,0
4113,0
67107,0
6747,0
77558,0
6446,0
36516,0
36343,0
63965,0
71734,0
46870,0
44026,0
53155,0
43282,0
19715,0
42724,0
26490,0
10733,0
689,0
4131,0
39892,0
42948,0
9882,0
74326,0
35000,0
36564,0
25187,0
59202,0
6903,0
61077,0
27883,0
69881,0
76565,0
62136,0
18721,0
35655,0
45872,0
33656,0
20798,0
61885,1
23073,0
11721,0
52550,0
19915,0
66410,0
44799,0
37676,0
5475,0
43195,0
8223,0
66946,0
70379,0
18084,0
1956,0
43850,0
55115,0
49127,0
28540,0
2576,0
45599,0
52122,0
33408,0
41721,0
51290,0
67942,0
35425,0
5073,0
17169,0
34825,0
60668,0
32034,0
4831,0
16254,0
66269,0
63449,0
11494,0
66672,0
29271,0
46442,0
7852,0
44016,0
21152,0
18960,0
76148,0
31209,0
53761,0
52025,0
45713,0
24656,0
45873,0
7323,0
32736,0
9587,0
20917,0
49872,0
35294,0
60224,0
44399,0
30135,0
67526,0
58734,0
4476,0
8053,0
42274,0
21612,0
24109,0
15512,0
70034,0
42159,0
70296,0
10385,0
24798,0
58078,0
26707,0
62143,0
61203,0
13992,0
32769,0
30836,0
76774,0
26487,0
49905,0
20225,0
15690,0
8531,0
27907,0
35722,0
27545,0
53736,0
21585,0
26433,0
62327,0
48755,0
26124,0
7100,0
66316,0
23487,1
58906,0
15484,0
37617,0
20757,0
53020,0
14279,0
1486,0
75042,0
23019,0
21655,0
10763,0
13147,0
7717,0
37185,0
29574,0
41995,0
61245,0
47148,0
11756,0
37579,0
62007,0
59048,0
30575,0
49,0
5481,0
47917,0
20340,0
33321,0
66708,0
37365,0
18393,0
35863,0
60452,0
62749,0
38501,0
21744,0
31231,0
69341,0
60778,0
35240,0
30552,0
65428,0
28022,0
31489,0
53197,0
56221,0
28291,0
43697,0
37964,0
2850,0
1572,0
56572,0
51921,0
21568,0
39536,0
27182,0
47601,0
12562,0
30274,0
45228,0
26491,0
60147,0
52954,0
9995,0
25350,0
3273,0
55882,0
70440,0
17765,1
31770,0
30642,0
72916,0
58722,0
46992,0
63414,0
77176,0
69883,0
65923,0
3906,0
45450,0
19526,0
48004,0
57742,0
76567,1
58343,0
41247,0
46580,0
57869,0
70630,0
65789,0
64005,0
54987,0
63707,0
2492,0
48809,0
22247,0
43568,0
20366,0
62215,0
25463,0
907,0
46058,0
24399,0
7665,0
160,0
35773,0
4743,0
31792,0
25583,0
62293,0
30959,0
54423,0
53483,0
26789,0
41348,0
5395,0
4621,0
60032,0
6614,0
9699,0
40442,0
66230,0
57562,0
4748,0
57769,0
58180,0
42656,0
35214,0
33161,0
32058,0
1204,0
1398,0
62837,0
3633,0
36062,0
59046,0
26931,0
36500,0
7272,0
46659,0
50575,0
32341,0
55389,0
6184,0
2110,0
70771,0
65197,0
35105,0
59979,0
13872,0
12899,0
74702,0
68545,0
52990,0
18357,0
7245,0
42993,0
46016,0
53196,0
41856,0
74045,0
33826,0
21868,0
2606,0
50319,0
38034,0
14223,0
68083,0
52269,0
37328,0
27506,0
23806,0
23837,0
52371,0
26958,0
5545,0
999,0
56414,0
43741,0
56835,0
56471,0
49503,0
53833,0
20338,1
68348,0
64263,0
51041,0
315,0
3131,0
12122,0
349,0
62500,0
7765,0
45388,0
37780,0
50338,0
64993,0
12840,0
73472,0
66552,0
16097,0
76871,0
24594,0
75345,0
359,0
39230,0
3091,0
68595,0
76838,0
12231,0
30476,0
18163,0
11158,0
30054,0
12511,0
38481,0
31829,0
70017,0
75839,0
32791,0
69277,0
52123,0
30109,0
2737,0
44994,0
70114,0
33012,0
41433,0
59713,1
47499,0
28207,0
43989,0
47408,0
62239,0
77838,0
4556,0
5222,0
7684,0
70717,0
26148,0
11653,0
72077,0
18064,0
8925,0
25840,0
77160,0
215,0
6172,0
1745,0
53573,0
14593,0
53993,0
45406,0
30602,0
48946,0
63301,0
73002,0
43763,0
61920,0
36540,0
21109,0
41225,0
68469,0
33542,0
12339,0
64500,0
39976,0
44700,0
36305,0
28259,0
46180,0
63328,0
27078,0
60281,0
72321,0
65342,0
48494,0
24181,0
76076,0
76386,0
55522,0
31556,0
4264,0
77541,0
52315,0
60169,0
47869,0
50259,0
20361,0
62644,0
27307,0
69909,0
23353,0
26762,0
67049,0
18104,0
19403,0
39135,0
7226,0
33535,0
27265,0
48478,1
25397,0
20245,0
61163,0
1080,0
34036,0
22814,0
69977,0
35646,0
25469,0
22129,0
22446,0
77598,0
30145,0
75245,0
35078,0
18340,0
75658,0
75674,0
56342,0
8547,0
49141,0
49504,0
16613,0
11800,0
54424,0
18049,0
37127,0
18490,0
67005,0
45525,0
17764,0
39958,0
30103,0
63629,0
46885,0
3489,0
55208,0
17046,0
33508,0
14059,0
68420,0
30900,0
27957,0
22442,0
36459,0
33151,0
58406,0
59579,0
51795,0
66832,0
75394,0
17970,0
72341,0
30168,0
40525,0
54127,0
57951,0
48401,0
51558,0
67813,0
12310,0
12113,0
66296,0
71904,0
11970,0
68498,0
59686,0
59031,0
4408,0
63513,0
10095,0
11664,0
23253,0
55891,0
29639,0
56827,0
34441,0
46666,0
55461,0
34068,0
29833,0
77477,0
29628,0
48595,0
21213,0
26902,0
708,0
33163,0
41555,0
73988,0
49570,0
2330,0
68858,0
34834,0
1201,0
52439,0
38641,0
47653,0
2443,0
49664,0
10578,0
4919,0
27660,0
5417,0
21939,0
35953,0
74502,0
6832,0
22119,0
15853,0
7173,0
76524,0
43811,0
26528,0
23796,0
38464,0
10555,0
58244,0
9200,0
48099,0
32315,0
58037,0
46199,0
23715,0
21619,0
28799,0
21929,0
61281,0
57309,0
12314,0
49030,0
56317,0
52046,0
6853,0
56483,0
14309,0
40739,0
18189,0
71463,0
14214,0
54956,0
59080,0
39212,0
75715,0
26695,0
48705,0
33421,0
22286,0
44742,0
21422,0
25978,0
74412,0
6754,0
20611,0
44736,0
22475,0
77052,0
27111,0
42009,0
71012,0
8706,0
26150,0
65700,0
9733,0
75519,0
42022,0
18763,0
38901,0
58127,0
27107,0
59044,0
59225,0
16095,1
14421,0
18046,0
15391,0
72428,0
27526,0
31955,0
37922,0
58379,0
46421,0
65908,0
56328,0
30228,0
67055,0
2024,0
8952,0
11842,0
9455,0
60677,0
25070,0
28995,0
32495,0
21595,0
12574,0
64880,0
5422,0
36902,0
67471,0
66173,0
27925,0
48216,0
78108,1
18206,0
20877,0
2627,0
44189,0
21300,0
39669,1
56170,0
35036,0
8904,0
26709,0
65797,0
51258,0
2031,0
52261,0
27419,0
53725,0
60954,0
32869,0
68263,0
76486,0
5894,0
23812,0
61549,0
66153,0
27205,0
34169,0
29389,0
59269,1
40339,0
58814,0
27489,0
39852,0
47621,0
61797,0
64898,0
15383,0
9639,0
35725,0
2294,0
43182,0
57722,0
53726,0
39834,0
22429,0
13841,0
40806,0
8811,0
65662,0
17398,0
59053,0
36388,0
74107,0
44571,0
14840,0
27998,0
68250,0
30521,0
28514,0
54740,0
23739,0
60527,0
47457,0
46461,0
77482,0
14288,0
77827,0
26227,0
61947,0
33777,0
4262,0
12368,0
31817,0
10548,0
35320,0
5438,0
47320,0
77237,0
19041,0
75708,1
30873,0
29277,0
59666,0
34230,0
51879,0
48999,0
18756,0
23010,0
34651,1
2264,0
15456,0
36323,0
48059,0
37117,0
18709,0
64047,0
34741,1
34862,0
9687,0
60049,0
48083,0
74414,0
73900,1
57959,0
43245,0
55660,0
59109,0
21853,0
53755,0
69635,0
67032,0
5430,0
40626,0
52857,0
60709,0
77154,0
34492,0
937,0
36627,0
48270,1
66579,0
28602,0
55114,0
58510,0
40215,0
40866,0
4493,0
66859,0
62503,0
16285,0
12576,0
14522,0
19023,0
58779,0
55815,0
9850,0
7938,0
35624,0
15571,0
8816,0
6552,0
68257,0
16294,0
13457,0
61557,0
51371,0
8244,0
42581,0
65905,0
3441,0
20045,0
16850,0
4842,0
73315,0
8954,0
20183,0
48389,0
55968,0
64192,0
74378,0
17155,0
67904,0
74113,0
23241,0
73825,0
37644,0
30032,0
74080,0
13146,0
33095,0
2482,0
74877,0
11624,0
39780,0
44388,0
38417,0
14519,0
27886,0
39343,0
42120,0
73688,0
76343,0
20350,0
63076,0
13373,0
7107,0
76937,0
46164,0
36125,0
1925,0
6355,0
25351,0
61084,0
28535,0
22533,0
39714,0
50377,0
63158,0
14942,0
18804,0
61972,0
20527,0
29121,0
72191,0
4850,0
72671,0
64085,0
63893,0
56010,0
14391,0
10541,0
22825,0
55707,0
13772,0
2468,0
29513,0
53028,0
41878,0
34294,0
69944,0
31494,0
21102,0
63522,0
76501,0
76635,0
70853,0
24275,0
22146,0
62616,0
59994,0
1658,0
65102,0
2400,0
33122,0
905,0
69889,0
44728,0
62783,0
4793,0
27878,0
41867,0
72063,0
27712,0
61383,0
9576,0
73437,0
58302,0
2164,0
70309,0
20582,0
44333,0
43466,0
59231,0
13949,0
18199,0
12565,0
31169,0
48666,0
35674,0
13125,0
68116,0
48922,0
23854,0
4072,0
26524,0
16942,0
30923,0
69729,0
72601,0
51668,0
67788,0
62720,0
34711,0
1162,0
28348,0
13755,0
56932,0
43062,0
43757,0
660,0
27049,0
44703,0
69169,0
39485,0
12995,0
74018,0
37597,0
61118,0
8329,0
36392,0
24746,0
45714,0
15551,0
646,0
5331,0
4549,0
74988,0
33062,0
72843,0
32041,0
53372,0
62216,0
1750,0
32171,0
39729,0
35840,0
12006,0
46070,0
76065,0
53488,0
44983,0
28909,0
61571,0
31060,0
55753,0
10940,1
47773,0
42000,0
38110,0
51956,0
61029,0
8591,0
1411,0
49957,0
12680,0
15604,0
13690,0
30556,0
6783,0
10505,1
73229,0
32513,0
57636,0
4361,0
24278,0
69476,0
62474,0
45911,0
10611,0
69997,0
51657,1
31315,0
7014,1
51633,0
42852,0
74630,0
42824,0
72667,0
43702,0
10188,0
2276,0
18644,1
65993,0
71528,0
66402,0
74272,0
75595,0
25595,0
239,0
43381,0
56058,0
25681,0
36699,0
24606,0
73675,0
16858,0
42517,0
43323,0
56167,0
57813,0
10456,0
60532,0
11835,0
25544,0
54870,0
73006,0
7846,0
16442,0
47290,0
39111,0
28041,0
63927,0
26699,0
49451,0
17802,0
14515,0
53524,0
6923,0
33346,0
59863,0
30379,0
44240,0
41750,0
51453,0
42068,0
54432,1
69004,0
23702,1
58610,0
11447,0
47728,0
26578,0
24231,0
31627,0
3957,1
66430,0
63273,0
8042,0
33821,0
26128,0
49829,0
3112,0
6405,0
40097,0
27618,0
67797,0
794,0
62532,0
23187,0
2306,0
56915,0
62687,0
52737,0
29878,0
31710,0
49033,0
18744,1
54769,0
14470,1
45084,0
25730,0
61847,0
61938,0
8766,0
46276,0
71298,0
25801,0
48257,0
65998,0
42711,0
67476,0
5805,0
32585,0
8730,0
9452,0
26876,0
28384,0
65540,0
25988,0
30823,0
68506,0
20705,0
19867,0
78290,0
19550,0
25293,0
36693,0
29287,0
61068,0
43791,0
31244,0
5816,0
71983,0
10749,0
318,0
55139,0
4966,0
71472,0
14595,0
59893,0
27997,0
25211,0
49317,0
13955,0
9010,0
31113,0
56554,0
12909,0
74017,0
62799,1
60047,0
10190,0
35023,0
47415,0
63802,0
5225,0
23261,0
31465,0
74836,0
77731,0
54260,0
58797,0
22074,0
2759,0
16322,0
11385,0
28116,0
76781,0
5909,0
56364,0
54040,0
66719,0
33960,0
33965,0
37258,0
72046,0
36071,0
32133,0
46186,0
22123,0
5812,0
45731,0
52907,0
15195,0
30826,0
71603,0
28832,0
10460,0
65509,0
20813,0
36043,0
49430,0
40374,0
65286,0
25672,0
63363,0
29654,0
22608,0
66373,0
30044,0
28126,0
66520,0
3002,0
11770,0
26682,0
24373,0
66927,0
70410,0
4288,0
72151,0
69905,0
65598,0
29485,0
3528,0
54145,0
43227,0
56005,0
31050,0
40504,0
59720,0
6020,0
27514,0
22529,0
24941,0
50977,0
15240,0
14943,0
43455,0
62131,0
73935,0
33475,0
55539,0
37798,0
10230,0
52716,0
58176,0
70289,0
23243,0
4308,0
18262,0
68437,0
22460,0
18143,0
17180,0
75305,0
72899,0
46930,0
6167,0
36449,0
36064,0
31308,0
3598,0
50077,0
28282,0
29917,0
25306,0
67682,0
9760,0
67254,0
62592,0
50261,0
65222,0
43162,0
66215,0
53815,0
56688,0
10072,0
10952,0
61238,0
10780,0
69049,0
68118,0
6131,1
32827,0
11575,0
65963,0
58333,0
63041,0
24776,0
27818,0
71948,0
51783,0
22160,0
72784,0
52037,0
31398,0
1838,0
68152,0
16001,0
69582,0
54659,0
10295,0
39300,0
22579,0
40910,0
62177,0
44578,0
7412,0
23362,0
12871,0
28443,0
56556,0
37483,0
14908,0
41948,0
39988,0
52739,0
45291,0
60190,0
57235,0
19270,0
66464,0
8308,0
76382,0
62958,1
64395,0
55865,0
62747,0
38636,0
64325,0
42928,0
34839,0
26423,0
47921,0
68249,0
55066,0
9115,0
44467,0
16911,0
63448,0
59062,1
66134,0
32668,0
36078,0
53739,0
18352,0
48382,0
57994,0
14362,0
54183,0
73698,0
10079,0
19032,0
47794,0
58897,0
66618,0
24536,0
9765,0
13080,0
48332,0
33751,0
30261,0
44842,0
38608,0
10403,0
65168,0
28172,0
34921,0
37682,0
27116,0
31803,0
42091,0
75392,0
53596,0
61617,1
23983,0
62118,0
14818,0
28957,0
60981,0
72324,0
72491,0
8233,0
76441,0
37858,0
17385,0
43513,0
37087,0
71787,0
34466,0
67308,0
42039,0
66463,0
27428,0
61392,0
57686,0
509,0
25674,0
51343,0
71891,0
77818,0
59682,0
56254,0
69432,0
36291,0
53988,0
13114,0
58359,0
68286,0
32633,0
48696,0
43685,0
74233,0
76845,0
54649,0
56403,0
14477,0
6043,0
56393,0
38375,0
20568,0
32972,0
52423,0
1414,0
66178,0
71080,0
46549,0
58784,0
16260,0
48532,0
30468,0
57025,0
33939,0
35669,0
73790,0
49681,0
53310,0
44224,0
53327,0
73505,0
12501,0
60567,0
69978,0
69216,0
61686,0
9245,0
67382,0
77206,0
62232,0
10762,0
53428,1
30636,0
9148,0
13849,0
73787,0
19531,0
25149,0
26841,0
18366,0
22795,0
5791,0
61835,0
15785,0
68309,0
17878,1
73263,0
71887,0
10813,0
52537,0
39722,0
14464,0
59012,1
64003,0
66438,0
68824,0
17145,0
47528,0
62894,0
28106,0
31936,0
32672,0
68940,0
44427,0
41744,0
67894,0
37008,0
12432,0
49728,0
65978,0
60814,0
6067,0
75314,0
39161,0
24972,0
63458,0
45042,0
66451,0
32834,0
73399,0
11424,0
75280,0
71729,0
13333,0
29110,0
34527,0
66518,0
41701,1
6828,0
14379,0
67084,0
57704,0
9,0
15983,0
18663,0
44876,0
53266,0
40529,0
75085,0
33370,0
32581,0
72564,0
47258,0
17181,0
37404,0
13525,0
44038,0
72880,0
47635,0
41278,0
19467,0
49493,0
35678,0
71110,0
23409,0
33407,0
74721,0
20683,0
13496,0
44935,0
64712,0
47801,0
61521,0
11506,0
65254,0
63180,0
32379,0
29937,0
52560,0
26138,0
77656,0
40262,0
7090,0
38099,0
53559,0
25173,0
63098,0
5091,0
37375,0
30655,0
9317,0
39375,0
71770,0
25201,0
56675,0
36508,0
7568,0
16691,0
64727,0
14241,0
39363,0
69880,0
45216,0
58091,1
11283,0
15741,0
7218,0
35670,0
34946,0
12598,0
7958,0
53292,0
21044,0
21224,0
73995,0
8293,0
24284,0
66027,0
75864,0
50759,0
10495,0
53182,0
71189,0
59106,1
9150,0
39125,0
35082,0
68399,0
15562,0
40559,0
4217,0
63079,0
21565,0
15899,0
73921,0
10751,0
42899,0
37456,0
33780,0
71707,0
57778,0
11560,1
38975,0
53350,0
6311,0
31666,0
45176,1
62702,0
44231,0
73076,0
29627,0
68170,0
32949,0
54812,0
76568,0
13889,0
8815,0
2305,0
34314,0
74558,0
24793,0
58477,0
52574,0
61327,0
34321,0
15825,0
14285,0
57129,0
39871,0
5319,0
10157,0
55790,0
72141,0
72518,0
59643,0
35152,0
68902,0
13390,0
52166,0
5132,0
17175,0
1930,0
55879,0
26972,0
73182,0
14631,0
45341,0
36391,0
3207,0
45477,0
10220,1
45858,0
55553,0
57066,0
71736,0
48424,0
68352,0
41958,0
56166,0
32987,0
74336,0
55716,0
31544,0
76084,0
62514,0
60742,0
28950,0
75656,0
47931,0
58416,0
73980,0
33547,0
33605,0
27771,0
35089,0
41495,0
75712,0
45861,0
45725,0
40594,0
31086,0
23299,0
55449,0
39789,0
41105,0
61596,0
35131,0
78109,0
11914,0
33282,0
25068,0
20293,0
19973,0
52219,0
60159,0
72542,0
30759,0
23189,0
57741,0
31399,0
42602,0
66922,0
24493,0
39431,0
10267,0
57719,0
52358,0
3581,0
42432,0
71404,0
56639,0
77865,0
71257,0
78160,0
43003,0
50973,0
9332,0
7758,0
14027,0
37817,0
50577,0
77885,0
77270,0
25087,0
13983,0
62931,0
62451,0
14961,0
68389,0
57734,0
31233,0
34408,0
46247,0
17341,0
66020,0
34537,0
12156,0
4684,0
8565,0
75298,0
60179,0
44060,0
18908,0
36859,0
26546,0
18934,0
46216,0
31333,0
60246,0
59348,0
70732,0
23619,0
60619,0
48853,0
30246,0
25789,0
18710,0
17432,0
72725,0
21703,0
18760,0
53455,0
41732,0
30546,0
3854,0
69826,0
1218,0
43536,0
39581,1
15573,0
9420,0
20544,0
4278,0
56230,0
49913,0
2436,0
52793,0
23425,0
20554,0
31759,0
64632,0
36937,0
55793,0
60468,0
71572,0
41047,0
55054,0
25385,0
38877,0
26860,0
61105,0
14529,0
68699,0
68336,0
48508,0
15477,0
49013,0
22785,0
68876,0
69219,0
28896,0
34162,0
76476,0
30042,0
41926,0
61079,0
28943,0
54627,0
73648,0
31274,0
57503,0
13591,0
33604,0
32179,0
43799,0
67848,0
24744,0
34546,0
1730,0
75964,0
9130,0
36117,0
24942,0
70028,0
59195,0
6213,0
11090,0
18426,0
30088,0
33209,0
52694,0
5991,0
6561,0
59018,0
38263,0
58895,0
76535,0
70489,0
49627,0
29036,0
60092,0
1772,0
74992,0
27423,0
53931,0
23621,0
77003,0
44013,0
38557,0
27990,0
61833,0
12943,0
29524,0
3816,0
21934,0
46264,0
68456,0
58872,0
57135,0
77941,0
19455,0
37699,0
53624,0
77048,0
47083,0
10674,0
26946,1
20878,0
14102,0
65347,0
45412,0
7020,0
26434,0
32883,0
33666,0
57189,0
77058,0
19834,0
26552,0
74733,0
48887,0
9456,0
58933,0
32872,0
29203,0
40526,0
25976,0
76414,0
63038,0
10173,0
67710,0
71821,0
8874,0
23516,1
20899,0
23845,0
44487,0
69435,0
73423,0
20523,0
61765,0
77643,0
28357,0
25792,0
24492,0
4048,0
18326,0
17903,0
28381,0
43943,0
18815,0
75797,0
36939,0
43025,0
20600,0
27249,0
57689,0
61522,0
24339,0
7644,0
56258,0
28262,0
8068,0
48118,0
6413,0
8242,0
55942,0
66815,0
29518,0
70229,0
56742,0
23929,0
59872,0
17904,0
3650,0
19655,0
17699,0
75494,0
27671,0
20418,0
44476,0
8148,0
59898,0
46986,0
28495,0
61109,0
61782,0
49479,0
10227,0
44565,0
36339,0
40541,0
53727,0
41065,0
15612,0
47,0
31763,0
37181,0
23118,0
8498,0
62410,0
36231,0
21563,0
57687,0
64294,0
34751,0
51483,0
25185,0
12919,0
9993,0
57938,0
37453,0
74963,0
6981,0
8331,0
50226,0
27359,0
47818,0
48851,0
1896,0
51896,0
48357,0
14747,0
66839,0
54810,0
44930,0
6050,0
62375,0
42426,0
6527,0
53856,0
41328,0
28685,0
27782,0
14871,0
16196,0
22126,0
42283,0
16399,0
4643,0
19968,0
60839,0
55529,0
35849,0
26325,0
40812,0
34428,1
72992,0
42008,0
14422,0
17402,0
70009,0
19015,0
34108,0
53318,0
54115,0
42140,0
8552,0
41267,0
75513,0
17927,1
68439,0
30680,0
44027,0
61274,0
57671,0
71079,0
21058,0
27816,0
2727,0
19002,0
66070,0
25932,0
64606,0
18146,0
69923,0
73747,0
76915,0
63756,1
24788,0
68628,0
75344,0
137,0
49914,0
28341,0
76904,0
66252,0
45221,0
64435,0
33691,0
27748,0
55340,0
24184,0
45776,0
43906,0
16250,0
28293,0
36930,0
14075,0
71951,0
45390,0
62921,0
40882,0
33647,0
36840,0
8199,0
42747,0
9003,0
63920,0
9851,0
64234,0
65893,0
26038,0
60320,0
68962,0
63628,0
59707,0
69482,0
20401,0
47641,0
65150,0
62067,0
74985,1
48418,0
7666,0
47036,0
3580,0
51239,0
16479,0
29057,0
68794,0
47296,0
63227,0
47500,0
42337,0
10739,0
34811,0
69487,0
58285,0
42442,0
59314,0
33561,0
62985,0
13130,0
49938,0
64011,0
59527,0
59239,0
49090,0
10602,0
65916,0
54742,0
70278,0
69470,0
19306,0
62649,0
77744,0
23675,0
23221,0
56637,0
22728,0
38921,0
20666,0
33426,0
53242,0
15685,0
31407,0
47595,0
77850,0
6918,0
2792,0
8831,0
60725,0
53212,0
360,0
4354,0
23821,0
42636,0
41904,1
17468,0
30530,0
66063,0
16627,0
55748,0
68065,0
27663,0
64091,0
64570,0
74486,0
30301,1
6310,0
33205,0
59827,0
42298,0
7961,0
11565,0
27499,0
68381,0
16745,0
38993,0
9374,0
61543,0
2088,0
55663,0
56030,0
16590,0
28420,0
10799,0
4946,0
36847,0
51770,0
5735,0
32778,1
27055,0
62759,0
17327,0
38895,0
75276,0
26371,0
9056,0
44801,0
6079,0
18282,0
22964,0
63510,0
40554,0
50045,0
34984,0
37393,0
21203,0
58884,0
11656,0
58261,0
57011,0
51864,0
73350,0
75404,0
52339,0
72901,0
67795,0
7400,0
24243,0
51337,0
58715,0
56628,0
40633,0
62369,0
38173,0
74324,0
29929,0
8494,0
34410,0
23706,0
64432,0
77212,0
51218,0
75899,0
47972,1
11018,0
74368,0
43049,0
54216,0
55257,0
37399,0
52274,0
63429,0
50990,0
2776,0
50622,0
52097,0
60510,0
53685,0
46564,0
50321,0
56261,0
26059,0
49798,0
67394,0
65425,1
72795,0
53032,0
29792,0
26879,0
1330,0
3239,0
53690,0
49243,0
55724,0
38778,0
45195,1
22103,0
9900,0
54594,0
3610,0
3266,0
73227,0
37162,0
32308,0
30807,0
42169,0
46587,0
52530,0
14426,0
69349,0
29607,0
6026,0
58483,0
35292,0
16844,0
77809,0
34952,0
73062,0
36718,0
20612,0
14882,0
68373,0
15744,0
40376,0
73259,0
25558,0
67328,1
27981,0
4127,0
58813,0
33583,0
9810,0
68334,0
59240,0
22946,0
73820,0
35395,0
70864,0
62815,0
816,0
1018,0
32774,0
32606,0
59428,0
50694,0
14035,0
9928,0
59047,0
33947,0
13763,0
50039,0
5556,0
70609,0
75821,0
75419,0
34461,0
33366,0
69325,0
14817,0
77888,0
71108,0
18425,0
50348,0
54732,0
68530,0
18170,0
76208,0
59740,0
34367,0
47409,0
13271,0
20617,0
1289,1
36183,0
26872,0
63768,0
29221,0
62851,0
67786,0
15874,0
55436,0
18222,0
56277,0
15539,0
15296,0
5801,0
60643,0
11582,0
27037,0
30814,0
70341,0
78203,0
50265,0
24471,0
37940,0
68681,0
54909,0
577,0
75176,0
49804,0
15752,0
27520,0
19504,0
46793,0
23393,0
20223,0
33686,0
3948,0
22901,0
49246,0
53521,0
27405,0
26739,0
59943,0
76056,0
14647,0
2498,0
62840,0
31211,0
8479,0
8367,0
39046,0
71641,0
46065,0
28146,0
49562,0
58419,0
58402,0
26021,0
16630,0
8694,0
53226,0
16612,0
9676,0
63353,0
41991,0
21707,0
39948,1
33234,0
74703,0
48280,0
20988,0
20578,0
57429,0
36905,0
55343,0
56140,0
45840,0
61228,0
32891,0
26458,0
243,0
51599,0
28361,0
20609,0
14367,0
11473,0
9380,0
29999,0
36503,0
4388,0
15896,0
39838,0
58183,0
24440,0
9330,0
25850,0
62493,0
71504,0
11735,0
23077,0
23440,0
34445,0
56184,0
29752,0
30346,0
35735,0
28975,0
8474,0
19450,0
55397,0
29250,0
26729,0
11594,0
22559,0
58736,0
21327,0
42557,0
57477,0
21741,0
21611,0
47178,0
62898,0
74941,0
30662,0
21664,0
7391,0
27308,0
72570,0
19011,0
48181,0
2083,0
47002,0
6784,0
21645,0
67081,0
53231,0
24149,0
58113,0
58200,0
26713,0
5162,0
4235,0
35844,0
66938,0
71831,0
51630,0
40832,0
33627,0
12742,0
67015,0
21206,0
13887,0
10186,0
65649,0
77435,0
61627,0
8553,0
26686,0
60003,0
54802,0
13685,0
17576,0
3468,0
24242,0
43606,0
10498,0
23653,0
68666,0
21760,0
20999,0
1374,0
4941,0
52633,0
50551,0
53474,0
14135,0
33114,0
34758,0
17631,0
58544,0
5085,0
45848,0
49849,0
50361,0
52925,0
31055,0
47166,0
38002,0
24229,0
30469,0
66017,0
11278,0
9123,0
58569,0
48821,0
25911,0
44542,0
9708,0
20144,0
50608,0
42677,0
9217,0
2344,0
71432,0
36037,0
42562,0
72676,0
66337,0
8229,0
59181,0
61562,0
23245,0
14116,0
53222,0
135,0
45518,0
26343,0
54369,0
28566,0
40940,0
38154,0
14563,0
6047,0
65542,0
41833,0
12142,0
73624,0
68943,0
52268,0
61091,0
59588,0
37077,0
78056,0
36619,0
68234,0
17969,0
50421,0
14761,0
65080,0
33732,0
51281,0
38687,0
67162,0
37366,0
28532,0
52041,0
38770,0
59439,0
68281,0
10266,0
76291,0
48040,0
43926,0
74323,0
27080,1
15655,0
50181,0
26705,0
62058,0
32415,0
25925,0
42052,0
19125,0
35011,0
30989,0
30718,0
54323,0
16265,1
14010,0
27314,0
54561,0
671,0
54033,0
74359,0
66743,0
57714,0
24416,0
67538,0
46967,0
47865,0
19080,0
45290,0
11154,0
10011,0
62116,0
61200,0
62725,0
69329,0
73105,0
46751,0
36733,0
20103,0
24999,0
1025,0
70357,0
49253,0
1534,0
13494,0
66098,0
62781,0
32966,0
42608,0
39333,0
1738,0
40435,0
26382,0
62922,0
59168,0
17787,0
43873,0
19857,0
7724,0
41654,0
35988,1
70391,0
8928,1
16701,0
67866,0
24092,0
59017,0
66482,0
4136,0
40244,0
1049,0
74648,0
47644,0
68600,0
10576,0
38341,0
27018,0
12984,0
27813,0
13927,0
30437,1
25223,0
24655,0
72235,0
74372,0
28978,0
36999,0
51022,0
32035,0
55566,0
78008,0
40488,0
72281,0
43748,0
63264,0
61638,0
49179,0
748,0
45052,0
3586,0
22202,0
23133,0
57838,0
7781,0
38092,0
57782,0
20174,0
9483,0
45452,0
76145,0
20486,0
21043,0
31972,0
48291,0
14799,0
54223,0
47799,0
63435,0
6227,0
12648,0
14251,0
18774,0
8921,0
24495,0
39935,0
17304,0
31219,0
70840,0
58694,0
37065,0
26780,0
31824,0
49501,0
59909,0
31718,0
62438,0
4410,0
19432,0
499,0
34715,0
56366,0
32953,0
24688,0
62977,0
37175,0
17569,0
59651,0
24040,0
49394,0
5988,0
42049,0
55112,0
4962,0
46248,0
65316,0
22872,1
62065,0
67896,0
58280,0
11304,0
23151,0
28019,0
47152,0
37474,0
22966,1
45398,0
1616,0
71920,0
10484,0
73311,0
3246,0
37006,0
56061,0
47147,0
11698,0
59664,0
32959,0
30341,0
9811,0
70948,0
22622,1
15432,0
73571,1
52156,0
33215,0
77209,0
31541,0
62446,0
11673,0
39478,0
35198,0
28819,0
36746,0
39198,0
47967,0
11689,0
56654,0
2717,0
95,0
3759,0
51616,0
21964,0
71469,0
63313,0
60716,0
20227,0
17455,0
66923,0
71970,0
17553,0
1081,0
13970,0
71990,0
76704,0
63242,0
19144,0
14398,1
42654,0
3053,0
23478,0
59546,0
44671,0
29855,0
5124,0
64119,0
19181,0
208,0
4631,0
41606,0
52647,0
52645,0
48559,0
36487,0
67501,0
9711,0
68581,0
41499,0
60255,0
32450,0
11684,0
52697,0
77071,0
29964,0
18549,0
39912,0
64045,0
46109,0
52782,0
50840,0
24718,0
7046,0
72711,0
30614,0
32691,0
19325,0
10598,0
43692,0
64866,0
6431,0
54017,0
70633,0
48878,0
5979,0
6760,0
33855,0
8130,0
46448,0
48986,0
40712,0
10372,0
20182,0
76626,0
43930,0
58586,0
64124,0
3989,0
19166,0
19056,0
77354,0
7193,0
8284,1
62447,0
59192,0
45924,0
66678,1
46129,0
8914,0
18705,0
3065,0
21501,0
3385,0
67637,1
43618,0
50387,0
59772,0
28838,0
10516,0
46507,0
67310,0
53791,0
47545,0
9327,0
57569,0
60997,0
62246,0
59482,0
21876,0
16453,0
65297,0
15971,1
70455,0
29634,0
77144,0
27746,0
40653,0
25313,0
40023,0
21336,0
11951,0
71769,0
25512,0
30788,0
2623,0
1919,0
36163,0
1841,0
44446,0
59211,0
41823,0
65796,0
23730,0
67286,0
53140,0
65659,0
75677,0
51671,0
20078,0
45235,0
26503,0
75612,0
46142,0
48631,0
55513,0
61067,0
24009,0
44532,0
68241,0
51894,0
72622,0
42040,0
41596,0
41398,0
20019,0
45946,0
23239,0
3174,0
44284,0
34040,0
75502,0
61888,0
5496,0
55945,0
68176,0
12318,0
19872,0
68984,0
51548,0
29636,0
20727,0
34034,0
18313,0
5307,0
75809,0
34120,0
76111,0
33442,0
65600,0
56156,0
11188,0
16562,0
60450,0
46768,0
1148,0
34397,0
21317,0
32067,0
41743,0
17113,0
1006,0
32783,0
49407,0
36771,0
36255,0
75598,0
45818,0
63525,0
24981,0
42010,0
62704,0
12399,0
64030,1
18839,0
3473,0
18187,0
54902,0
69374,0
14497,0
32225,0
39358,0
28533,0
52638,0
41687,0
32698,0
36830,0
52147,0
4588,0
75491,0
5230,0
43333,0
44206,0
41408,0
22641,0
75576,0
55511,0
18946,0
15948,0
72435,0
71533,0
54199,0
48412,0
26043,0
13174,0
73829,0
37905,0
29721,0
29499,0
19976,0
75312,0
57974,0
37231,0
68433,0
68280,0
54685,0
12271,0
41470,0
4557,0
27976,0
36372,0
48554,0
30457,0
24033,0
48727,0
31360,0
48039,0
44006,0
35015,0
64951,0
26069,0
36431,0
27022,0
77068,0
34380,0
67597,0
18471,1
51998,0
65637,0
38139,0
68262,0
35145,0
22726,0
16557,0
51648,0
34038,0
44888,0
3745,0
53879,0
7178,0
52734,0
54936,0
37863,0
70160,0
50144,0
62812,0
49661,0
30418,0
18868,0
58759,0
59710,0
40511,0
59747,0
47874,0
59449,0
57070,0
62304,0
7300,0
21457,0
37633,0
30498,0
76228,0
51842,0
6296,0
33195,0
10362,0
58230,0
69207,0
53687,0
45013,0
60176,0
51380,0
4412,0
17922,0
71368,0
69620,0
15649,1
72882,0
42282,0
69371,0
73943,0
12786,0
20237,0
69170,0
37854,0
21886,0
10387,0
6937,0
46166,0
39949,0
11711,0
36324,0
61738,1
1736,0
21390,0
39528,0
20099,0
21701,0
12344,0
63515,0
24882,0
34409,0
13547,0
12358,0
4111,0
3721,0
33577,0
21699,0
69575,0
4142,0
33905,0
47232,0
33197,0
41715,0
68910,0
674,0
39520,0
76751,0
19491,0
43033,0
64667,0
42519,0
75236,0
41524,0
22649,0
65372,0
16737,1
16005,0
26653,0
68418,0
29844,0
54480,0
5435,0
42276,0
24071,0
67375,0
72401,0
57293,0
33232,0
66702,0
35021,0
55992,0
29047,0
33522,0
77736,0
33520,0
23165,0
826,0
18926,0
5270,0
39895,0
29076,0
7626,0
24665,0
77392,0
1800,0
71768,0
55517,1
42154,0
39902,0
61168,0
53929,0
65290,0
42327,0
61347,0
29078,0
69636,0
56625,0
27640,0
34500,0
5888,0
4933,0
40187,0
4543,0
25446,0
21924,0
14132,0
48131,0
27516,0
22305,0
37884,0
66525,0
46417,0
2983,0
13798,0
2762,0
38032,0
39387,0
15528,0
6678,0
353,0
76098,0
11115,0
59837,0
42303,0
56839,0
10222,0
32751,0
31044,0
76809,0
32044,0
53389,0
46012,0
14598,0
59372,0
61846,0
17427,0
55647,0
71853,0
54815,0
16539,0
31470,0
11654,0
32498,0
6847,0
2104,0
76226,0
876,0
11033,0
48312,0
17377,0
29436,0
6738,0
29948,0
4731,0
65611,0
55842,0
14898,0
9054,0
62811,0
74545,0
63534,0
18414,0
33126,0
34571,0
58100,0
76921,0
48714,0
70211,0
10615,0
77187,0
371,0
68665,0
13813,0
65246,0
33912,0
73461,0
38119,0
44735,0
63499,0
19441,0
7396,1
41775,0
68041,0
16673,0
36628,0
77056,0
59816,0
40306,0
66965,0
9490,0
71176,1
16890,0
19139,0
64305,0
23883,0
7420,0
76307,0
39003,0
61685,0
55908,0
49257,0
55255,0
15905,0
54399,0
52346,0
44037,0
71977,0
67518,0
30069,0
44737,0
7629,0
53862,0
27440,0
75578,0
52482,0
67374,0
77059,0
17490,0
19543,0
59593,0
5696,0
71429,0
31592,0
75766,0
58960,0
10027,1
25637,0
23835,0
39611,0
37505,0
3803,0
42450,0
58259,0
67412,0
63772,0
52525,0
53085,0
7517,0
71635,0
38059,0
25224,0
15996,0
20781,0
47679,0
1252,0
23085,0
4051,0
4199,0
66526,0
1619,0
74373,0
24612,0
30791,0
73380,0
41364,0
34144,0
69333,0
32678,0
29321,0
53937,0
55131,0
29580,0
6554,0
70743,0
41918,0
76776,0
62906,0
29413,0
29065,0
1681,0
28660,0
68004,0
13930,0
52523,0
72426,0
24890,0
31601,1
40912,0
64841,0
20109,0
65790,0
13211,0
24038,0
8119,0
49247,0
35792,0
45950,0
77280,0
17990,0
69621,0
75400,0
77875,0
10396,0
13517,0
47221,0
33930,0
16225,0
36185,0
26914,0
41985,0
962,0
46763,0
66658,0
31827,0
51325,0
70103,0
72333,0
75732,0
16270,0
66650,0
11785,0
56266,0
10669,0
6136,0
7145,0
16028,0
43004,0
59454,0
18063,0
55658,1
76475,0
3523,0
66207,0
31530,0
45871,0
35390,0
43370,0
15849,0
13151,0
7612,0
1467,0
20321,0
17171,0
28623,0
20808,0
3428,0
14253,0
23483,0
74136,0
4545,0
54778,0
69534,0
4594,0
55481,0
38276,0
6763,0
43142,1
49231,0
42923,0
13531,0
14018,0
14791,0
50987,0
33630,0
26884,0
50992,0
13852,0
65164,0
73212,0
30082,0
20513,0
29958,0
30981,0
73157,0
71497,0
77603,0
20335,0
63878,0
46753,0
51992,0
45531,0
58172,0
13021,0
3525,0
12542,0
11369,0
20747,0
39864,0
7061,0
16519,0
76378,0
58687,1
47101,0
15753,0
20215,0
10889,0
64440,0
73054,0
32209,0
62669,0
20851,0
25102,0
15084,0
61906,0
28158,0
39429,0
31000,0
11026,0
19517,0
44678,0
27683,0
27438,0
30438,0
29045,0
12580,1
24720,0
15115,1
25312,0
7537,1
29670,0
45799,0
11706,0
25449,0
14186,0
42558,0
40586,0
22466,0
20803,0
59709,0
42317,0
18571,0
3393,0
34607,0
67892,0
58986,0
67600,0
23849,0
29452,0
74440,0
39248,0
8321,0
18428,0
39236,0
65987,0
41586,0
18591,0
58536,0
70875,0
27638,0
14343,0
44059,0
48324,0
25276,0
76972,0
13030,0
18795,0
75110,0
445,0
44774,0
27273,0
3219,0
7306,0
16725,0
40991,0
66179,0
12038,0
50533,0
25900,0
46095,0
26246,0
24107,0
21062,0
35715,0
75682,0
42223,0
59529,0
52204,0
7329,0
67335,0
63441,0
39208,0
626,0
45442,0
39930,0
1268,0
11579,0
24801,0
77016,0
59374,0
59700,0
77436,0
70944,0
28374,0
70332,0
61285,0
29492,0
50999,0
25373,0
42212,0
17337,0
46894,0
46243,0
25720,0
43489,0
18986,0
19645,1
17080,0
38876,0
1282,0
63443,0
56294,0
44769,0
56880,0
28394,0
34522,0
46362,0
74459,0
40834,0
20712,0
44875,0
26560,0
52603,0
73448,0
56588,0
4432,0
19900,0
24350,0
67796,0
6396,0
42319,0
73845,0
68300,0
65832,0
68547,0
66268,0
1541,0
57578,1
48860,0
24750,0
55462,0
44034,0
41404,0
76858,0
67291,1
46691,0
35141,0
78275,0
57063,0
24616,0
78150,0
23121,0
5975,0
2263,0
4757,0
76033,0
701,0
66532,0
42802,0
62830,0
74035,0
63774,0
9309,0
41997,0
17392,0
17273,0
10493,0
985,0
46669,0
33367,0
16333,0
8074,0
30858,0
41440,0
77988,0
36386,0
53358,0
68060,0
30181,0
37524,0
2625,0
72603,0
37207,0
41657,0
73129,0
64438,0
2913,0
43034,0
21842,0
24708,0
76289,0
55357,0
28168,0
36167,0
40929,0
72093,0
51277,0
67438,0
18550,1
1007,0
48275,0
38859,0
6636,0
59339,0
17597,0
56195,0
77430,0
65250,0
11396,0
76362,0
46454,1
70535,0
54330,0
32920,0
11734,0
36616,0
13460,0
76982,0
1323,0
20736,0
44691,0
22577,0
61185,0
71577,0
55457,0
58185,0
187,0
433,0
20275,0
56319,0
5799,0
40885,0
71134,0
7364,0
37566,0
35558,0
1000,0
23078,0
48609,0
40652,0
24554,0
42478,0
59945,0
21588,0
50368,0
65106,0
15141,0
45402,0
16060,0
49324,0
49387,0
18786,0
30102,0
68992,0
53773,0
49348,0
66143,0
8887,0
1837,0
22438,0
41588,0
60267,0
49978,0
25860,0
38143,0
20860,0
56679,0
26303,0
26489,0
30746,0
24805,1
66845,0
45942,0
38060,0
5891,0
64939,0
51724,0
41388,0
47585,0
62103,0
76655,0
11900,0
55195,0
24348,0
618,0
49201,0
71300,0
60344,0
38498,0
34490,0
75646,0
9627,0
5217,0
51793,0
9144,0
17268,0
54133,0
44931,0
33763,0
10592,0
32121,0
75446,0
22215,0
14060,0
72447,0
20286,0
44236,0
28729,0
43903,0
41355,0
3879,0
17545,0
70827,0
69988,0
25829,0
36703,0
15565,0
49881,0
6283,0
44910,0
66560,0
66574,0
56413,0
35853,0
33907,1
70279,0
17856,0
60334,0
76969,1
16935,0
58918,0
4058,0
28604,0
50364,0
32984,0
26696,0
19753,0
30359,0
46536,0
53985,0
62357,0
9176,0
47292,1
77204,0
50625,1
46839,0
37017,0
29315,0
7351,0
12611,0
62501,0
35885,0
11957,0
27629,0
24383,0
61156,0
102,0
24122,0
33576,0
71,0
36836,0
53057,0
77847,0
3193,0
74847,0
3826,0
24697,0
27517,0
23126,0
40318,0
65354,0
34713,0
67034,0
25047,0
37729,0
70715,0
40402,0
76138,0
7988,0
9163,0
59503,0
57076,0
35004,0
28924,0
59121,0
47198,0
75096,0
21409,0
50201,0
63470,0
71923,0
10806,0
4246,0
76629,0
43332,0
11020,0
43596,0
10442,0
57783,1
74271,0
56220,1
66629,0
40349,0
4317,0
73012,0
60593,0
3333,0
24888,0
17604,0
7022,0
57481,0
12721,0
57365,0
49982,0
48602,0
24958,1
40300,0
29279,0
17833,0
73508,0
9423,0
66659,0
17645,0
22722,0
35365,0
70889,0
2684,0
13482,0
30502,0
52910,0
21268,0
63680,0
56582,0
39595,0
28071,0
1023,0
14756,0
39763,0
49478,0
30162,0
31828,0
48438,0
66372,0
10106,0
13610,0
20734,0
64844,0
18706,0
28151,0
28990,0
67356,0
30430,0
57678,0
631,0
73428,0
74610,0
69985,0
66235,0
18013,0
76558,0
52130,0
23071,1
32090,0
60404,0
13758,0
65047,0
35739,0
74263,0
69401,0
77259,0
62429,0
536,0
28225,0
76755,0
26099,0
59032,0
77400,0
51226,0
76609,0
15969,0
41295,0
11527,0
11708,0
25073,0
61713,0
1309,0
63083,0
52374,0
57177,0
63247,0
73493,0
17207,0
46268,0
34052,0
53721,0
77819,0
22738,0
52314,0
13372,0
1036,0
48186,0
25076,0
31007,0
1757,0
77817,0
69351,0
44359,0
42988,0
7101,0
12097,0
76631,0
63604,0
45249,0
44008,0
27551,0
45691,0
11128,0
30582,1
41419,0
74726,0
15145,0
35273,0
17069,0
67903,0
63154,0
44263,0
42679,0
62606,0
35860,0
77349,0
3550,0
10896,0
14374,0
59689,0
57777,0
46607,0
43961,0
34531,0
46215,0
3921,0
52335,0
59383,0
59560,0
32469,0
948,0
20618,0
43256,0
19625,0
54084,0
61628,0
77352,0
73201,0
70280,0
7330,0
60929,0
40105,0
33495,0
44202,0
1614,0
12420,0
47458,0
51661,0
47470,0
37331,0
22645,0
33233,0
37054,0
7972,0
13906,0
5558,0
44439,0
12209,0
33994,0
18604,0
15366,0
64434,0
34001,0
46604,1
68684,0
26852,0
2161,0
32994,0
25383,0
34473,0
72297,0
50983,0
50373,0
67531,0
60965,0
65671,0
2486,0
8008,0
67716,0
13349,0
43703,0
4095,0
47903,0
68602,0
1701,0
34103,0
75195,0
16343,0
51144,0
14024,0
76130,1
9896,0
53864,0
2825,0
73071,0
74488,0
47484,0
24955,0
11546,0
42930,0
52444,0
76151,0
56139,0
77508,0
75189,0
72700,0
41849,0
9693,0
75160,0
63500,0
30187,0
70363,0
19316,0
55618,0
1812,0
8708,0
33869,0
34395,0
61194,0
70795,0
73574,0
13254,0
55307,0
72003,0
42213,0
61407,0
10570,0
56627,0
53255,0
72958,0
3699,0
30209,0
38133,0
38013,0
42564,0
6127,0
47214,0
60609,0
9661,0
64483,0
46765,0
61473,0
2564,0
25129,0
46047,0
53518,0
74586,0
75080,0
27934,0
3510,0
42771,0
50053,0
7049,0
52686,0
60080,0
45330,0
29137,0
52942,0
77155,0
55916,0
52045,0
74671,0
18159,0
75805,0
42464,0
16398,0
67368,0
47434,0
15221,1
32635,0
16926,0
15,0
6585,0
63217,0
78134,0
33643,0
19202,0
22909,0
34245,0
47908,0
15609,0
3224,0
48299,1
66176,0
75175,0
19707,0
7927,0
2527,0
3851,0
28487,0
9228,0
50891,0
1061,0
15907,0
24204,0
62025,0
5043,0
37273,0
50930,0
47596,1
444,0
54648,0
61737,0
53370,0
72826,0
32554,0
29099,0
26182,0
4726,0
1473,0
71166,0
5561,0
42043,0
67058,0
65397,0
38390,0
39470,0
48984,0
35805,0
27938,0
57087,0
27185,0
60028,0
18378,0
31977,0
8696,0
22633,0
69356,0
72532,1
40938,0
51833,0
75154,0
54038,0
47692,0
13136,0
11423,0
54801,0
54116,0
16204,0
48928,0
31962,0
11819,0
66726,0
772,0
5058,0
23877,0
57358,1
40425,0
8507,0
57818,1
51727,0
54045,1
33510,0
65233,0
55943,0
77180,0
21706,0
72595,0
37588,0
8899,0
6121,0
6094,0
49702,0
70651,0
60035,0
74728,0
5060,0
19416,0
58497,0
35543,0
7746,0
78003,0
36646,0
2439,0
22371,0
31644,0
12800,0
77931,0
67714,0
47145,0
51114,0
5668,0
13131,0
47450,0
29197,0
19760,0
57277,0
57928,0
76306,0
34101,0
51811,0
30306,0
75342,0
57758,0
38330,0
28485,0
56796,0
8800,0
63446,0
55994,0
48745,0
44080,0
13302,0
68316,0
50732,0
223,0
37694,0
2270,0
40413,0
48560,0
39418,0
62990,0
41412,0
39147,0
29906,0
52755,0
54273,0
34519,0
10690,0
61074,0
44003,0
76482,0
76866,0
74953,0
40524,0
30007,0
23377,0
28900,0
63700,0
6086,0
70130,0
35485,0
41050,0
53715,0
25263,0
11163,0
52208,0
48870,0
26692,0
33817,0
26928,0
30542,0
59804,0
55602,0
60414,0
16146,0
40756,0
78087,0
76620,0
62927,0
31651,0
71011,0
20436,0
56617,0
27863,0
77335,0
13851,0
40295,0
10652,0
58064,0
36411,0
26777,0
25481,0
65755,0
28308,0
20659,0
28102,0
65294,0
1408,0
44855,0
24794,0
43547,0
26921,0
24933,0
71530,0
47170,0
36763,0
18525,0
5016,0
38918,0
35276,0
48386,0
69496,0
21690,0
59153,0
8905,0
5550,0
41429,0
7095,0
1646,0
37548,0
65021,0
65484,0
63341,0
36548,0
10432,1
75601,0
73668,0
68887,0
56761,0
24636,0
22326,0
25499,0
14582,0
36210,0
77676,0
53168,0
66091,0
21488,0
11028,0
68020,0
757,0
33398,0
25525,0
18879,0
75218,0
40041,0
72432,0
47092,0
33572,0
7156,0
5926,0
27586,0
77272,0
56465,0
56275,0
22133,0
59278,0
11242,1
11211,0
32482,0
61184,0
70493,0
7105,0
57975,0
39865,0
20426,0
2894,0
45069,0
13753,0
68721,0
15360,0
73443,0
16024,0
54782,0
47909,0
22511,0
6827,0
27152,0
63316,0
24101,0
19633,0
46932,0
32081,0
2865,0
17363,0
50057,0
65652,0
19391,0
28598,0
43664,0
49513,0
59903,0
16546,0
402,0
10770,0
52071,0
46246,0
50143,1
21623,0
34857,0
72781,0
3306,0
2051,0
71107,0
49541,0
73801,0
28553,0
40870,0
70197,1
7477,0
45918,0
53901,0
74814,0
40289,0
12517,0
46488,0
39366,0
21770,0
13837,0
20170,0
4071,0
19502,0
27622,0
57351,0
58826,0
10869,0
43322,0
18719,0
8515,0
38178,0
16544,0
25923,0
63900,0
47479,0
18388,0
64920,0
39913,0
27488,0
68641,0
4564,0
42468,0
27644,0
73175,0
11817,0
58664,0
53528,0
71188,0
22198,0
12567,0
24266,0
54049,0
73439,0
71665,0
645,0
14396,0
43548,0
65508,0
51468,0
74037,0
3278,0
17805,0
65054,0
37975,0
43584,0
966,0
77393,0
4428,0
7303,0
1053,0
42395,0
43225,0
53498,0
2633,1
4044,0
13173,0
42026,0
64835,0
6540,0
69835,0
3764,0
55744,0
32060,0
44916,0
54307,0
2430,0
10550,0
21142,0
3524,1
22761,0
22951,0
33223,0
18813,0
56850,0
45597,0
8792,0
38131,0
42055,0
72571,0
3252,0
76693,0
41936,0
58245,0
55428,0
61817,0
12507,0
13661,0
65884,0
44217,0
63654,0
28511,0
62175,0
22484,0
18291,0
71335,0
23567,0
8408,0
68694,0
10091,0
34561,0
75136,0
72966,1
35286,0
2871,0
69970,0
973,1
29735,0
47241,0
49831,0
4265,0
75257,0
40148,0
13560,0
77469,0
40168,0
61863,0
57774,0
48252,0
9193,0
62082,0
62047,0
40472,1
42891,0
57713,0
38426,0
22494,0
27302,0
14699,0
38372,0
18311,0
42092,0
14906,0
30355,0
7239,0
13904,0
61939,0
52294,0
24394,0
16715,0
52256,0
11448,0
63991,0
31225,0
61716,0
10633,0
59609,0
76562,0
13664,0
442,1
67602,0
44019,0
39454,0
1894,0
65766,0
51637,0
39268,0
11933,0
54086,0
13317,0
44294,0
1311,0
45301,0
27476,0
21991,0
10898,0
63089,1
7120,0
24090,0
65565,0
75408,0
34575,0
8386,0
18043,0
17702,0
17759,0
55576,0
52695,0
11360,0
31488,0
7033,0
61912,0
10302,0
48753,0
11675,0
57362,0
14860,0
8737,0
70584,0
61121,0
54268,0
4769,0
26042,0
20948,0
47254,1
36665,0
36532,0
67598,0
65341,0
7440,0
15015,0
21441,0
8524,0
31859,0
4634,0
25981,0
41381,0
56421,0
31944,0
76233,0
38366,0
32329,0
1246,0
40759,0
34236,0
31214,0
70189,0
45132,0
40735,0
42681,0
59057,0
23357,0
24631,0
57532,0
48360,0
45252,0
74596,0
68266,0
36817,0
39542,0
22527,0
20305,0
9829,0
10586,0
64057,0
66404,0
46257,0
39984,0
3517,0
39728,0
41175,0
36974,0
75375,0
23908,0
40465,0
39496,0
41846,0
41296,0
78028,0
76563,0
32010,0
10,0
39359,0
28549,0
29390,0
38039,0
28918,0
43292,0
42030,0
10620,0
52803,0
5344,0
13674,0
22456,0
42362,0
23844,0
48415,0
27323,0
39994,0
2363,0
12581,0
51892,0
47984,0
45847,1
41482,0
60031,0
5049,0
10170,0
24128,1
19402,0
10848,0
56527,0
69670,0
26909,0
12621,0
71570,0
41145,0
5471,0
71968,0
9083,0
23974,0
47263,0
13623,0
11339,0
35287,0
70764,0
12075,0
75802,0
64422,0
34674,0
63870,1
72628,0
15700,0
11136,0
73819,0
54359,0
40336,0
5303,0
8276,0
23525,1
43483,0
1847,0
63046,0
46067,0
27810,0
36321,0
31131,0
26589,0
27598,0
40965,0
54342,0
49446,0
16361,0
63885,0
4167,0
40674,0
44689,0
13275,0
21267,0
1978,0
27965,0
11743,0
71579,0
49428,0
17078,0
61944,0
42179,1
8324,0
37893,1
75917,0
19195,0
44228,0
31719,0
17676,0
61043,0
32073,0
3639,0
14579,0
1062,0
53899,0
10648,0
70377,0
29388,0
72955,0
26267,0
34058,0
56143,0
6470,0
76377,0
36615,0
31638,0
60774,0
2707,0
144,0
38208,0
67287,0
15876,0
47670,0
64758,0
7160,0
1402,0
11939,0
60657,0
53599,0
993,0
31820,0
17535,0
38241,0
18708,0
76552,0
15401,0
39707,0
57524,0
26425,0
3491,0
23379,0
21137,0
35252,0
40166,0
3848,0
19806,0
51230,0
64874,0
58530,0
170,1
33967,0
76398,0
29182,0
22695,0
1808,0
42097,0
55804,0
15096,0
22545,0
36642,0
9351,0
8483,0
18685,0
37937,0
27951,0
61609,0
45382,1
42849,0
64949,0
1499,0
29838,0
6860,0
48236,0
65403,0
30067,0
74585,0
48305,0
49103,0
12750,0
11088,0
6203,0
68355,0
58518,0
39540,0
16050,0
53097,0
36576,0
49341,0
77319,0
8100,0
394,0
36686,1
75892,0
54616,0
10916,0
22747,0
34956,0
340,0
76230,1
67447,0
64278,0
53480,0
15791,0
46830,0
39139,0
27119,0
3113,0
30609,0
68455,0
41994,0
22338,0
49581,0
46925,0
13059,0
21694,0
60855,0
28971,0
18956,0
1141,0
73093,0
77361,0
52577,0
34792,0
70177,0
45427,0
34629,0
49048,0
58900,0
34920,0
72400,0
16606,0
17007,0
73991,0
58855,0
12688,0
17796,0
34471,0
70777,0
32706,0
20512,0
38683,0
48657,0
65543,0
32114,0
72643,0
42446,0
48488,0
22280,0
16998,0
21990,0
41057,0
63905,0
11798,0
12099,0
75843,0
9804,0
38935,0
58764,0
40844,0
3702,0
75532,0
28228,0
37136,0
74309,0
75561,0
61147,0
43975,0
108,0
77076,0
64061,0
39772,0
3394,0
28872,0
3572,0
16609,0
47754,0
26183,0
23247,0
63201,0
14914,0
42542,0
43021,0
34754,0
74664,0
32493,0
21797,0
77891,0
22131,0
55655,0
48802,0
25895,0
19944,0
4137,0
27839,0
10862,0
60847,0
12798,0
68973,0
28864,0
49527,0
30259,1
31646,0
39963,0
31156,0
9140,0
36283,0
62008,0
76530,0
53870,0
5357,0
37389,0
70433,0
36341,0
75138,0
70239,0
23327,0
62899,0
20292,0
67826,0
14848,0
70608,0
769,0
41332,0
37939,0
20087,0
76257,0
72887,0
59379,0
31419,0
21616,0
13242,1
44557,0
44918,0
33323,0
34509,0
16936,0
10605,0
74789,0
35894,0
75461,0
14793,0
28254,0
51283,0
6465,0
53868,0
26959,0
25181,0
3608,0
42444,0
7085,0
40365,0
67606,0
23361,0
42027,0
6069,0
60878,0
19133,0
6610,0
2876,0
15989,0
48133,0
30574,0
72354,0
8025,0
62035,0
28570,0
53159,0
10125,0
74946,0
23285,0
20625,0
52767,0
42190,0
49262,0
40741,0
29232,0
10271,0
4477,0
62495,0
78181,0
58114,0
11371,0
17857,0
9458,0
23841,0
3285,0
7151,0
62458,0
59573,0
67829,0
5354,0
73126,0
21966,0
53239,0
667,0
30313,0
54641,0
56149,0
3297,0
14278,0
9821,0
2778,0
64973,0
54695,0
49419,0
75157,0
1856,0
9247,0
3460,0
28609,0
70629,0
839,0
63909,0
46856,0
24602,0
21757,0
15872,0
5604,0
9652,0
3419,0
5450,0
64775,0
4203,0
21135,0
21503,0
29665,0
5665,0
68791,0
76468,0
66262,0
44704,0
78069,0
75390,0
14936,1
54567,0
74287,0
64321,0
11031,0
69516,0
4690,0
24968,0
17585,0
17130,0
30266,1
70310,0
22143,0
32292,0
66287,0
71330,0
72793,1
77274,0
3187,0
28519,0
24865,0
55610,0
62265,0
64233,0
37806,0
25952,0
16800,0
40298,0
65549,0
50412,0
67491,0
27008,0
77927,0
37350,0
75240,1
33003,0
36894,0
35656,0
67002,0
57220,0
12836,0
11828,0
73118,0
486,0
48085,0
73570,0
7587,0
22607,0
40800,0
55059,0
8122,0
9451,0
32323,0
54919,0
1962,0
10503,0
58159,0
65752,0
74193,0
47607,0
64103,0
61025,0
50823,0
43308,1
3545,0
50798,0
35507,0
1952,0
31943,0
42234,0
20378,0
40715,0
54442,0
19452,0
62326,0
28438,0
26859,0
1,0
2736,0
73327,0
59861,0
67529,0
73750,0
13666,0
46162,0
43316,0
42561,0
3682,0
71032,0
18361,0
38400,0
37489,0
64320,0
77635,0
58441,0
7189,0
74174,0
61364,0
58583,0
49573,0
26397,0
22596,0
77129,0
7422,1
71305,0
69163,0
38128,0
34552,0
64354,0
35800,0
24711,0
15859,0
34848,0
55346,0
53344,1
54246,0
47143,0
44486,0
73536,0
71680,0
77090,0
38251,0
13915,0
20417,0
14837,0
36109,0
64426,0
37241,0
32615,0
20175,0
59275,0
38861,0
33287,0
8217,0
23904,0
45359,0
34814,0
10264,0
48454,0
44029,0
55849,0
4049,0
4102,0
39150,0
37517,0
36171,0
23317,0
49544,0
39625,0
67999,0
74249,0
73317,0
30794,0
11519,0
12713,0
44332,0
64443,0
26994,0
30230,0
40073,0
731,0
3447,0
3772,0
39126,0
65301,0
212,0
7114,0
42275,0
43342,0
53335,0
41471,0
11877,0
37322,0
22519,0
47322,0
15978,0
3738,0
5986,0
78235,0
32309,0
55895,0
3778,0
60543,0
60730,0
15511,0
51179,1
38221,1
473,0
48918,0
960,0
67259,0
16793,0
19951,0
15006,0
54475,0
34903,0
6322,1
68202,0
63129,0
65180,0
10509,0
75752,0
15919,0
32737,0
57535,0
26083,0
46557,0
19352,0
56918,0
30452,0
51876,0
76047,0
43469,0
72573,0
9986,0
73013,0
2554,0
16705,0
30194,0
6851,0
54119,0
27041,0
47551,0
11963,0
6672,0
51541,0
37468,0
39011,0
3363,0
50854,0
75235,0
17120,0
68832,0
72337,0
35035,1
65088,0
67981,0
13571,0
7435,0
22151,0
3567,0
8582,0
1973,0
59984,0
26984,0
66930,0
40651,0
5628,0
66126,0
53312,1
9212,0
44161,0
3653,0
1291,0
53881,0
74784,0
4624,0
65456,0
78253,0
46282,0
44089,0
57223,0
71809,0
5662,0
48626,0
59767,0
37025,0
71532,0
40665,0
4817,0
58020,0
63528,0
34945,0
21788,0
52528,0
77996,0
23502,0
38472,0
16882,0
29124,0
32291,0
45094,0
45857,0
57763,0
32203,0
47810,0
68450,0
45572,0
58600,0
4674,0
63481,0
14636,0
6608,0
29578,0
32885,0
55532,0
40942,0
8241,0
7252,0
45693,0
60947,0
38779,0
49382,0
30290,0
50656,0
55906,0
57158,0
39907,0
26045,0
67552,0
58063,0
48232,0
32604,0
76817,0
38872,0
40598,0
8635,0
45893,0
29758,0
49603,0
7545,0
51392,0
31872,0
22845,0
55441,0
40958,0
75111,0
40557,0
20789,0
5660,0
6120,0
5653,0
38515,0
159,0
4609,0
12764,0
12078,0
37315,0
73993,0
76700,0
67652,0
22869,0
2221,0
28537,0
51800,0
20025,0
10439,0
58589,0
42384,0
56046,0
20931,0
2090,0
21329,0
11916,0
59742,0
21911,0
61218,0
47776,0
37120,0
36986,0
30198,0
62398,0
37131,0
18177,0
73850,0
77729,0
22968,0
51628,0
73710,0
15113,0
27286,0
49325,0
44632,0
60979,0
39975,0
76898,0
66131,0
64316,0
16139,0
65263,0
13141,0
46928,0
45192,0
48058,0
43990,0
47193,0
69568,0
69957,0
45043,0
76105,0
44770,0
76239,0
492,0
18627,0
41858,0
59781,0
61195,0
70750,0
6524,0
41309,0
46662,0
73622,0
70679,0
31034,0
1349,0
40451,0
64812,0
8096,0
42554,1
52454,0
31552,0
4,0
29365,0
47034,0
35684,0
28090,0
45484,0
23827,0
29199,0
67950,0
42806,0
8470,0
57275,0
62535,0
31423,0
53403,0
35024,0
29215,0
34617,0
21209,0
32297,0
64904,0
58700,0
54828,0
65024,1
40480,0
21445,0
10767,0
64708,0
46387,0
52676,0
24097,0
40708,0
5675,0
77728,0
20111,0
24331,0
24513,0
67978,0
48947,0
32817,0
45020,0
78184,1
39583,0
73828,0
50443,0
37134,0
72635,0
32624,0
23632,0
18008,0
63317,0
70327,1
77023,0
66947,0
64594,0
12382,0
23941,0
36103,0
31812,0
22066,0
75460,0
46485,0
34883,0
57799,0
43962,0
58421,0
27127,0
37526,0
17641,0
73741,0
18891,0
44674,0
16855,0
75118,0
57035,0
3227,0
63729,0
70830,0
39841,0
63605,0
6206,0
52466,0
65415,0
19701,0
23610,0
16833,0
77687,0
55355,0
69810,1
35902,0
27457,0
52824,0
55565,0
31344,0
33966,0
14630,0
44999,0
17584,0
1915,0
64840,0
34310,0
69450,0
54090,0
26650,0
42537,0
40030,0
24230,0
1692,0
25150,0
14890,0
24239,0
76612,0
75660,0
12618,0
7010,0
77351,0
27530,0
2260,1
66099,0
36510,0
63050,0
10119,0
74720,0
12906,0
16076,0
56272,0
15615,0
10450,0
23061,0
76584,0
44752,0
63931,0
25166,0
26066,0
26656,0
22862,0
66250,0
63230,0
57399,0
2626,0
40667,0
6386,0
60182,0
70621,0
54347,0
53511,0
13606,0
46380,0
43506,0
30727,0
47714,0
23583,0
24315,0
7054,0
24819,0
32571,0
13938,0
38200,0
3045,0
32777,0
13975,0
69718,0
9292,0
44861,0
45710,0
68081,0
35766,0
44194,0
67302,0
61749,0
19226,0
66053,0
18241,0
49866,1
50772,0
14867,0
51603,0
24671,0
21296,0
19870,0
70755,0
31564,0
29438,0
49301,0
70365,0
62460,0
9697,0
53465,0
23962,0
23932,0
25163,0
26044,0
49005,0
362,0
50955,0
67882,0
25898,0
17447,0
18229,0
20006,0
35222,0
68030,0
11148,0
41284,0
74207,0
71610,0
16748,0
46713,0
38467,0
7452,0
7104,0
23624,0
6430,0
36335,0
16237,0
43099,0
70348,0
22796,0
57447,0
39600,0
75371,0
51492,0
28491,0
25380,0
62876,0
58519,0
76640,0
6153,0
36367,0
20102,0
1431,0
50777,0
28810,0
22320,0
10740,0
65725,0
9725,0
29559,0
14643,0
37861,0
45744,0
28050,0
12130,0
35188,0
23498,0
20248,0
49954,0
4305,0
52018,0
21802,0
4242,0
39124,0
44078,0
39951,0
11231,0
62098,0
38338,0
27092,0
32098,0
5381,0
27337,1
27691,1
68998,0
4028,0
65086,0
46456,0
33608,0
27389,0
74088,0
56014,0
2525,0
35324,0
8778,0
18115,0
14105,0
28463,0
18166,0
64731,0
65199,0
9099,0
26136,0
21872,0
22433,0
53060,0
43363,0
27110,0
4014,0
44589,0
46218,0
26770,0
41090,0
6125,0
59425,0
33478,0
46712,0
29788,0
69291,0
33191,0
25491,0
15803,0
75109,0
23996,0
59009,0
4447,0
70193,0
18673,0
11134,0
19418,0
63119,0
68052,0
68931,0
53597,0
40655,0
45222,0
19816,0
65111,0
50621,0
46182,0
13488,0
60479,0
9951,0
20853,0
38297,0
30834,0
12756,0
41252,0
25196,0
3046,0
36845,0
35572,0
46553,0
28563,0
58018,0
77485,0
60848,0
59544,0
10720,0
409,0
73189,0
15301,0
71147,0
63955,0
72339,0
45960,0
48442,0
36907,0
13504,0
52744,0
76593,0
1071,0
25770,0
69114,0
70826,0
9644,0
26885,0
15552,0
75783,0
28921,0
43810,0
61725,0
37540,0
57600,0
43834,0
33237,0
13713,0
47724,0
75487,0
24526,0
58266,0
30942,0
37178,0
43153,1
54664,0
29054,0
5236,0
55864,0
51914,0
50466,0
40067,0
78018,0
61051,0
43621,0
12564,0
36874,0
26186,0
54784,0
27348,0
46204,0
57712,0
57408,0
11981,0
73322,0
13297,0
59777,0
19243,0
41480,0
47262,0
76321,0
22756,0
8845,0
73663,0
44944,0
52667,0
3342,0
39156,0
3617,0
12720,0
22303,0
50071,0
43399,0
72663,0
68813,0
30524,0
26533,0
37565,0
4462,0
3093,0
21403,0
8581,0
14907,0
62852,0
27222,0
72308,0
45629,0
68243,0
5042,0
68580,0
21510,0
19575,0
3705,0
40973,0
23684,0
34924,0
10140,0
20307,0
37242,0
24864,0
39097,0
75537,0
15710,0
27993,0
23342,1
68974,0
55508,0
41115,0
33747,0
47846,0
5865,0
6185,0
39623,0
64206,0
60672,0
43749,0
53423,0
632,0
70072,0
800,0
23319,0
66121,0
31611,0
1483,0
42122,0
56830,0
28771,1
2338,0
56624,0
44587,0
7974,0
38174,0
30404,0
11601,0
63024,1
62893,0
61229,0
9628,0
12405,0
70237,0
23143,0
73163,0
980,0
50417,0
72334,0
3815,0
48781,0
35731,0
2080,0
138,0
47700,0
20790,0
39025,0
5633,0
77714,0
78287,0
5601,0
20907,0
24987,0
71592,0
